Simulation,OLS_MSE,Ridge_MSE,Lasso_MSE,DeepGLM_MSE,OLS_RMSE,Ridge_RMSE,Lasso_RMSE,DeepGLM_RMSE,OLS_R2,Ridge_R2,Lasso_R2,DeepGLM_R2
1,4.680665813320897,4.671091317769639,4.677374100082651,4.664822316321465,2.163484645963751,2.161270764566448,2.162723768788481,2.159819973127729,0.7511063588002987,0.7516154810396223,0.7512813951148591,0.7519488341691454
2,5.193817952875271,5.2008718040964546,5.196808996469565,5.203028010928265,2.2789949435826466,2.280541997880428,2.2796510690168277,2.2810146888891936,0.7548658354035274,0.7545329126977295,0.7547246662329072,0.7544311455651097
3,4.134032555611881,4.134401812092483,4.152373579456937,4.136450666148935,2.0332320466714764,2.033322849941072,2.0377373676352253,2.0338266067069077,0.7833862176303352,0.7833668694414055,0.7824251902329538,0.7832595142087794
4,4.31704678338856,4.316178126301055,4.297633207960439,4.316670663993659,2.077750414123063,2.077541365725615,2.0730733725462875,2.0776599009447287,0.7984715075034345,0.7985120581766436,0.7993777725467164,0.7984890655190078
5,3.1582535456334986,3.1546274252147732,3.1581837993381403,3.153974158955791,1.7771475869025337,1.7761270858851212,1.7771279636925812,1.775943174472593,0.8309555029357902,0.8311495898555454,0.8309592360836362,0.8311845557202561
6,3.669133545632595,3.6791827201689444,3.7059223333301907,3.6740876219457066,1.9154982499685544,1.9181195792152648,1.9250772278872843,1.9167909698101424,0.8286951745596065,0.8282259978266369,0.8269775764465038,0.8284638782147116
7,3.5180669706474927,3.519343768998148,3.5182274963764475,3.5292811979891043,1.8756510791315886,1.875991409628026,1.8756938706453268,1.8786381232129579,0.8398219034938947,0.8397637706808652,0.8398145947343064,0.8393113181058527
8,3.5493019829201105,3.5444505353652387,3.549184144333977,3.5424916615911077,1.8839591245353786,1.8826711171538268,1.8839278500871464,1.8821508073454443,0.7766416765087623,0.7769469791281438,0.7766490921158782,0.7770702514685156
9,3.8612147512642307,3.852441235423781,3.842142670806696,3.8510936952205626,1.964997392177463,1.96276367284087,1.9601384315416848,1.962420366593397,0.7838211156306467,0.7843123208571273,0.7848889094057954,0.784387765958356
10,4.2504256249914425,4.24629062155732,4.235344253331479,4.2463604451945915,2.0616560394477648,2.0606529600001355,2.0579952024558947,2.0606699020451074,0.7947167903863259,0.794916499039438,0.7954451768240347,0.7949131267606051
11,3.8355242582568354,3.830521896496424,3.8327715650936574,3.8313863509341264,1.9584494525661966,1.9571719128621339,1.9577465528238474,1.9573927431494493,0.7733280335301717,0.7736236633061495,0.7734907123011487,0.7735725757431141
12,3.8697855614671033,3.8709514401438416,3.869795763597671,3.873281773204907,1.9671770539194238,1.9674733645322473,1.9671796470067677,1.9680654900701113,0.8292327952218274,0.8291813469336535,0.8292323450187626,0.8290785132089629
13,4.0751926165902566,4.0753502408558875,4.076809958445176,4.076450129317496,2.018710632208157,2.0187496726577785,2.019111180308102,2.0190220725186476,0.8117887314590742,0.8117814516404794,0.811714035121792,0.8117306536973908
14,4.605363514307869,4.605627772153859,4.5974621618419995,4.606315140812159,2.1460110704066437,2.146072639067434,2.144169340756928,2.146232778803865,0.763956454161277,0.763942909875622,0.764361430499664,0.7639076794459503
15,4.022604868770712,4.028990350508823,4.041875256860347,4.028728995334242,2.0056432556092103,2.0072345031183634,2.010441557683373,2.0071693987639017,0.8130875498856828,0.8127908451195507,0.8121921411716799,0.8128029891251453
16,3.99939895852009,3.9981697395624995,3.996562247128652,3.994576060521713,1.9998497339850538,1.9995423825371894,1.9991403770442566,1.998643555144767,0.7999364127198878,0.7999979024479091,0.8000783147063952,0.8001776705400375
17,3.68061113213741,3.67912326797687,3.6804783708188067,3.676343287550979,1.918491890036914,1.9181040816329207,1.9184572892870997,1.9173792758739674,0.8112391338100722,0.8113154392163305,0.8112459425004218,0.8114580110595226
18,4.4136576062661526,4.415986958592832,4.41361680327345,4.415467471422555,2.1008706781394597,2.1014249828611136,2.100860967145006,2.1013013756771195,0.7550492159241485,0.7549199406767892,0.7550514804235607,0.7549487713657617
19,3.34537168033292,3.336739731849963,3.3283094196106795,3.338152494483575,1.8290357241817121,1.8266745007937137,1.8243654841096615,1.8270611633121576,0.8228666406881534,0.823323691855646,0.8237700666294181,0.8232488877934627
20,3.7646137568073823,3.7658155197868792,3.7663000780568763,3.770044247580776,1.940261259935729,1.9405709262448716,1.9406957716388409,1.941660178193078,0.8291165701775494,0.8290620197261522,0.8290400246465837,0.8288700692218276
21,4.593051965022624,4.590349299246463,4.59302165478378,4.5891506574278536,2.143140677842363,2.1425100464750364,2.143133606377302,2.1422302998108895,0.7659827500595305,0.7661204516177236,0.7659842943744638,0.7661815227451985
22,3.192571618494848,3.1946796637911827,3.197098845487307,3.1951255267098766,1.7867768798859156,1.7873666842008618,1.788043300786451,1.7874914060520337,0.820633370372313,0.820514935134176,0.8203790194777261,0.8204898854442837
23,3.6660882827718266,3.6665417122388986,3.6659626240414127,3.665535167799482,1.9147031839874886,1.9148215875738654,1.9146703695522664,1.9145587397098796,0.8332114798037491,0.8331908510507042,0.8332171966419917,0.8332366437443366
24,3.6699336612380193,3.6700528209167564,3.696631126826722,3.6706010004698433,1.9157070917126187,1.915738192164252,1.9226625098614478,1.9158812594912669,0.817806334235808,0.8178004185597536,0.816480939945008,0.8177732042143477
25,3.8162956562041526,3.8234114475161673,3.834765545157223,3.823473597795296,1.9535341451339294,1.9553545580063396,1.9582557404887706,1.9553704502715836,0.8105944921114526,0.8102413302527035,0.8096778181917802,0.8102382456894924
26,4.04456930095443,4.0476360813601335,4.0745172467569715,4.047437622951649,2.011111459107732,2.011873773714478,2.018543347752773,2.0118244513256243,0.8221551761718964,0.8220203259615556,0.8208383271457196,0.8220290524285951
27,3.8094209430977464,3.8176573462852352,3.8094638560363485,3.8195226066640102,1.9517737940390907,1.9538826337027604,1.951784787325782,1.9543598969135676,0.821009519089695,0.8206225212258409,0.8210075027707762,0.8205348795980957
28,3.6017436358685213,3.600280987431126,3.6016305935640207,3.600302544533869,1.8978260288731739,1.8974406413458962,1.897796246588137,1.8974463219110755,0.8016580294801479,0.8017385750721111,0.8016642545299275,0.8017373879586824
29,4.137142661418534,4.125507321319587,4.118022214931859,4.1233739797698865,2.0339967210933585,2.031134491194413,2.02929106215246,2.0306092631941492,0.7564881093707532,0.7571729645709453,0.7576135373423496,0.7572985328862393
30,3.29447414681027,3.2933932947439093,3.292552526886461,3.2932439447270276,1.8150686341872226,1.814770865631226,1.8145392051114413,1.8147297167145933,0.8218361480730636,0.8218946001230493,0.8219400685144782,0.8219026769125785
31,2.9645363704783425,2.963719203986204,2.9644315430667034,2.963124069118618,1.721782904572566,1.7215455857996338,1.7217524627735263,1.7213727281209663,0.8780144010564414,0.8780480260593163,0.8780187145250572,0.8780725148407654
32,3.699747348108948,3.6983506663415096,3.676026646298408,3.6931734217153,1.9234727313141062,1.9231096345090442,1.9172967027297596,1.9217631023919934,0.7812455147448869,0.7813280961679825,0.782648045627734,0.7816342104446303
33,3.8107747299977035,3.8109431381457526,3.818975207652209,3.8118866229950013,1.9521205726075692,1.9521637067996507,1.9542198462947329,1.952405342902698,0.8017596611143081,0.8017509003528605,0.8013330640088805,0.801701819320918
34,3.9823185997896204,3.9857827321097754,3.98753363161495,3.9872064691464804,1.9955747542474125,1.996442519109873,1.9968809758257877,1.9967990557756383,0.7905154953263399,0.7903332693127683,0.7902411656032373,0.7902583755441142
35,3.6488596901161947,3.649561540137417,3.669017833871106,3.6540004406503357,1.9101988614058472,1.910382563817367,1.9154680456408313,1.9115439939092,0.8079026211962038,0.8078656716939373,0.8068413782584835,0.8076319819317324
36,4.2193578460976084,4.216119264906266,4.219328287921059,4.214658773902935,2.054107554656671,2.053319085019731,2.0541003597490213,2.0529634127044094,0.7940756422154369,0.7942337000944522,0.7940770847924227,0.7943049788726173
37,3.6617909706442395,3.658933703634319,3.6617232043615666,3.6545545373898993,1.913580667399271,1.9128339456508814,1.91356296064738,1.911688922756498,0.8049836565761758,0.8051358263119491,0.8049872656114156,0.8053690479772703
38,4.533055013821579,4.531253954469768,4.532931970475979,4.5282115026329,2.129097229771712,2.1286742245984396,2.129068333914151,2.127959469217612,0.7815777465257343,0.7816645293777104,0.7815836752878471,0.7818111279043705
39,4.020924033893632,4.027884916283671,4.014206013782885,4.024828481635819,2.005224185445017,2.0069591217271148,2.003548355738609,2.0061975181013008,0.7828911805189422,0.7825153293599776,0.7832539183879494,0.7826803608086254
40,4.2269706724434855,4.221011799033267,4.227662882029166,4.222058701057083,2.0559597934890372,2.0545101116892237,2.0561281287967357,2.054764877317374,0.8011243129473479,0.8014046733130449,0.8010917450239804,0.8013554173859526
41,3.780272131381528,3.7797463904007333,3.8270823721091363,3.779246842646024,1.9442921929024783,1.9441569870771067,1.9562930179574676,1.9440285087019749,0.7985046087770482,0.7985326317290805,0.7960095376708305,0.7985592585344458
42,3.82772048691911,3.8225427839837613,3.8264465432952903,3.8207845868316586,1.9564561040102868,1.9551324210865517,1.9561305026238127,1.9546827330366578,0.8033380319735988,0.8036040538141699,0.8034034850966968,0.8036943870851839
43,4.480411575953996,4.486033934229278,4.4804272149848225,4.486787263095119,2.1166982722991,2.118025952208631,2.116701966499966,2.118203782239829,0.771968522191958,0.7716823710996878,0.7719677262402356,0.7716440302705829
44,3.6054160320985793,3.5972835357898703,3.605238725701217,3.5986437038793224,1.8987933094727765,1.8966506098356308,1.8987466196681475,1.8970091470204677,0.8036994006283148,0.8041421827887021,0.8037090542582329,0.8040681270323542
45,5.744966479886312,5.74200082206823,5.746030414748847,5.74303469966797,2.396865970363448,2.3962472372583408,2.3970879030083245,2.3964629560391644,0.6672863213263234,0.6674580742731502,0.6672247046601126,0.6673981983416348
46,3.9306845803482506,3.930654018414201,3.930580925493322,3.931724388815653,1.9825954151939953,1.9825877076220868,1.982569273819536,1.9828576320088271,0.7818128038679064,0.7818145003211736,0.7818185576142831,0.7817550854503179
47,3.838769030486322,3.8391685196503538,3.838705033812079,3.843484134423197,1.9592776808013515,1.959379626221104,1.9592613490323538,1.9604805876170255,0.808408173718582,0.8083882353326284,0.8084113677736545,0.8081728442764619
48,4.255499174180621,4.272409407106874,4.318052994239633,4.269344513199697,2.0628861272936567,2.0669807466705814,2.077992539505287,2.0662392197419197,0.797171875508638,0.7963658899617593,0.7941903982522636,0.7965119707521703
49,4.010974953036638,4.008361530830092,4.010874362447818,4.007853179684859,2.002741858811724,2.0020892914228607,2.002716745435514,2.0019623322342652,0.7821546200125222,0.7822965610518752,0.7821600833213938,0.7823241707850939
50,4.657968475578454,4.657555090278743,4.665037882425224,4.65799555005214,2.1582327204401417,2.1581369489165287,2.159869876271537,2.158238992802266,0.7544655687696818,0.7544873594548219,0.7540929207368843,0.7544641415991176
51,4.434984790023771,4.435741810035538,4.435109527068373,4.43702295751501,2.1059403576606273,2.106120084429076,2.105969972974062,2.1064242111965505,0.7720164798561071,0.7719775647086436,0.7720100676603799,0.7719117064191517
52,3.3238749965202303,3.3238746707091384,3.316724643966322,3.3145085008757458,1.8231497460494654,1.82314965669556,1.8211877014647122,1.8205791663302493,0.8395881108628861,0.8395881265866942,0.8399331904950533,0.8400401426819224
53,4.6764052333575306,4.677745210778459,4.712604069272229,4.680248557985696,2.1624997649381448,2.162809564149941,2.170853304411016,2.1633882125004047,0.7835540917111242,0.7834920712882809,0.7818786402633608,0.7833762046700145
54,4.727339261981383,4.73111358508838,4.730134172702415,4.73160109748873,2.174244526722186,2.175112315511174,2.174887163211557,2.1752243786535517,0.7873711277467315,0.7872013641606452,0.7872454167110458,0.7871794365590598
55,5.445256280295607,5.439831791767353,5.442998026918419,5.432627908425529,2.3335072916739743,2.332344698316986,2.333023366132114,2.3307998430636485,0.738762757543932,0.7390229984493938,0.7388710976944513,0.7393686061714771
56,4.123080921493508,4.1301023761425695,4.186553976103852,4.130302917014237,2.030537101727892,2.0322653311372925,2.0461070294840034,2.032314669782767,0.8124797952753271,0.8121604552870205,0.8095930025051477,0.8121513345673386
57,3.2810290054030564,3.2815882600299413,3.281677295102112,3.2819163378513516,1.8113610919424807,1.811515459506195,1.8115400340876024,1.8116060106577676,0.814235421856322,0.814203758100937,0.8141987171328156,0.8141851830630473
58,4.8559394703804175,4.852441935661739,4.826375728201433,4.853547699390993,2.203619629241947,2.20282589771905,2.1969013924619905,2.2030768709672826,0.7314366957696551,0.7316301309404265,0.7330717524530079,0.7315689754086003
59,3.51389833135536,3.5069161723481588,3.513864164339216,3.504511232699315,1.8745394984783221,1.8726762059545048,1.8745303850135948,1.8720339827843175,0.7802569541670357,0.7806935862895538,0.780259090815136,0.780843980158029
60,3.4855454903033456,3.4857951221311887,3.502280789508158,3.486058158761003,1.8669615663701664,1.8670284202794527,1.871438160749149,1.867098861539207,0.8333464522337204,0.833334516647207,0.8325462914000228,0.833321940140123
61,3.342864538234799,3.3442557277189016,3.3648723936859133,3.345896401328584,1.8283502230794841,1.8287306329032993,1.8343588508484139,1.829179160533102,0.8253361649396653,0.8252634756374786,0.8241862600031717,0.8251777508522018
62,5.25161842156452,5.2612240881679995,5.251637875999434,5.265064338163396,2.2916409888035516,2.2937358366141467,2.2916452334511628,2.294572800798309,0.7619657315299184,0.7615303461611457,0.7619648497403801,0.7613562834199071
63,3.827851516515009,3.83211099324923,3.860809758670119,3.8351803751368174,1.9564895901882557,1.9575778383628146,1.9648943377876884,1.9583616558584926,0.8161239932640194,0.8159193835582108,0.8145407996813079,0.8157719416623581
64,4.3678553440216135,4.368304829476563,4.367823255182329,4.369657744455133,2.089941469042043,2.090049001692679,2.089933792057138,2.0903726329186223,0.7818778169235787,0.7818553704959906,0.7818794193776726,0.781787808558747
65,4.473426863485692,4.480196201003438,4.5219921784555925,4.483029114992687,2.115047721325855,2.116647396474774,2.126497631895129,2.1173164890947898,0.7901711979237109,0.7898536780389459,0.7878932123494365,0.7897207984889076
66,3.770662057630275,3.774991603306903,3.770763800006363,3.77572918747965,1.941819264924075,1.9429337619452967,1.9418454624419428,1.9431235646452467,0.8292708563268046,0.829074821886548,0.8292662496056296,0.8290414253338272
67,4.48330076996624,4.481927952757737,4.4832906694939005,4.481583823198463,2.1173806388947263,2.1170564358934167,2.117378253759564,2.1169751588524752,0.7674446153121133,0.7675158253536453,0.7674451392384236,0.7675336758584732
68,4.572446748804691,4.57611442985367,4.5724618166389215,4.577130605510431,2.1383280264741167,2.139185459433957,2.1383315497459514,2.139422960872962,0.7756679532287164,0.7754880105324266,0.7756672139750347,0.7754381552191809
69,4.098484013994982,4.09993204414442,4.098453411821208,4.10122153947885,2.024471292460079,2.02482889255967,2.024463734380344,2.025147288341974,0.7996259828461697,0.7995551889582316,0.7996274789799772,0.79949214580389
70,4.700263906206217,4.705452257481638,4.699645638111915,4.7084952248778595,2.1680092034413088,2.169205443816154,2.167866609852164,2.1699067318384584,0.7881834977627942,0.7879496856957554,0.7882113598973026,0.7878125549466845
71,3.4291293157923466,3.42653423703585,3.436840535220849,3.426435747455815,1.851790840184805,1.8510900132181174,1.8538717688181265,1.8510634098960022,0.7661494292419723,0.7663264014680047,0.7656235601660261,0.7663331179964246
72,3.7075576895347746,3.701919209491701,3.681581223397311,3.7009679757392346,1.9255019318439477,1.9240372162439325,1.9187446999007738,1.9237900030250794,0.8113172202433063,0.8116041703536533,0.8126391988204454,0.8116525799654903
73,4.638509850163914,4.63874303575828,4.667239778203171,4.638754562066597,2.1537200027310686,2.153774137591563,2.1603795449418537,2.1537768134295154,0.7736299643018827,0.7736185843042055,0.7722278771993576,0.7736180217936343
74,4.140073678019067,4.1394335371503415,4.14295276318904,4.1393999675579565,2.0347171002424553,2.0345597895245895,2.035424467571578,2.0345515396661633,0.7740831924894047,0.7741181238922412,0.7739260856887202,0.7741199557280323
75,4.0879364289958,4.092083699473647,4.088115970707927,4.09674094629216,2.0218645921514624,2.022889937558059,2.0219089916976793,2.024040747191657,0.8088502701429529,0.8086563459845776,0.8088418748681321,0.808438575604167
76,4.247579174903228,4.2443827062167605,4.24772996537905,4.244858696356985,2.0609655928479804,2.060189968477849,2.0610021750058998,2.060305486173588,0.770074092869423,0.7702471210655053,0.7700659304231182,0.7702213552209454
77,3.8294808249546546,3.834964077556992,3.8303339796057645,3.837163976975557,1.9569059315548754,1.9583064309645188,1.9571239050212852,1.9588680345994613,0.8149322388016587,0.8146672490211675,0.8148910082985032,0.8145609342284149
78,5.279298511888899,5.274054694013881,5.278952662290698,5.264404036600315,2.297672411787394,2.296531013074694,2.2975971496958945,2.294428912954227,0.713495120897854,0.7137797002606108,0.713513889981871,0.7143034365921146
79,4.777638992647092,4.7825784961556455,4.814407613422881,4.781937519344788,2.1857810944024316,2.1869107197495845,2.1941758392213875,2.1867641663756947,0.7771061042598891,0.7768756588072843,0.7753907169863176,0.77690556266119
80,5.187050663618883,5.196391168591982,5.187319762230581,5.2027793079831675,2.27750975049919,2.2795594242291606,2.2775688271116157,2.2809601723798614,0.7913474769580755,0.7909717490048491,0.7913366522895077,0.7907147818981148
81,4.0023343237647975,4.00294607176741,4.05262274099158,4.007170363882815,2.000583495824355,2.0007363823771014,2.0131126995256823,2.001791788344336,0.8005959584630672,0.8005654799936903,0.7980904921960504,0.8003550175854295
82,3.5547372371785393,3.552211266076538,3.554740778140033,3.550550750824271,1.8854010812499655,1.8847310858784438,1.8854020202970063,1.8842905165669839,0.8204802193640531,0.8206077848486075,0.820480040539969,0.8206916434614782
83,3.9150021685724816,3.9194043670584384,3.9356980629073974,3.9203228001096964,1.9786364417377138,1.9797485615750396,1.9838593858707319,1.9799805049822325,0.8198588192510909,0.8196562606830479,0.8189065380819834,0.8196140007794339
84,4.617341317092922,4.6149816849435865,4.617156437108233,4.607440542075283,2.1487999714009964,2.148250843114832,2.1487569516137075,2.1464949434078067,0.7010026390718367,0.7011554377793529,0.7010146110322604,0.7016437668113995
85,3.9397959549097776,3.94138133072213,3.9486759911773395,3.9426090485739915,1.984891925246757,1.9852912458181369,1.9871275729497941,1.9856004252049282,0.8062942146358647,0.8062162673334299,0.8058576147664916,0.8061559048036384
86,4.593013401737166,4.59144093420767,4.592966051174867,4.589979436975574,2.1431316809139767,2.142764787420138,2.143120633836291,2.1424237295585518,0.7623232331122405,0.7624046043092644,0.7623256833834617,0.7624802330755137
87,5.484971541486314,5.484971859861363,5.492579255311639,5.49589874787517,2.3420016100520327,2.342001678022747,2.3436252378124873,2.344333326955698,0.7537270323128816,0.7537270180179728,0.7533854490891756,0.7532364052375069
88,4.273622512291258,4.274074520514612,4.280918548827016,4.27433077722938,2.0672741744362932,2.0673834962373605,2.0690380733149922,2.067445471404114,0.7979388162591938,0.7979174448543942,0.7975938522913208,0.7979053287784004
89,3.9904221303360523,3.985534513811531,3.9907357479908177,3.9854000663956013,1.997604097496812,1.9963803529917667,1.997682594405532,1.996346679911984,0.8265732343142798,0.8267856538273223,0.8265596042536618,0.8267914970137666
90,4.433360218203442,4.435675193831563,4.447821046991946,4.435256424956497,2.105554610596325,2.1061042694585574,2.1089857863418486,2.106004849224355,0.7875294252884043,0.7874184791486951,0.7868363842422733,0.7874385488157596
91,3.323211986001098,3.3144405124976766,3.2891690337685735,3.3110225963755453,1.8229679059163653,1.8205604940505757,1.8136066369994828,1.819621553064138,0.7873874712344995,0.7879486527572004,0.7895654719733298,0.7881673242692484
92,4.3045014196222855,4.303799889581413,4.30422696794032,4.301823871998279,2.074729240075024,2.074560167741927,2.0746630974546973,2.0740838632992347,0.785334984169516,0.7853699693960611,0.7853486710449309,0.7854685131771901
93,3.697001480851815,3.6883681558063155,3.6969684095393025,3.6884297114291456,1.9227588202506873,1.9205124721819213,1.9227502202676516,1.920528497947673,0.8062221832713828,0.8066746977989236,0.8062239166996134,0.8066714713695426
94,4.482186627889123,4.484692937406303,4.482180185193618,4.4888481336749635,2.1171175281238224,2.1177093609384414,2.117116006550803,2.1186901929434994,0.7906095650979842,0.7904924800046201,0.7906098660758161,0.7902983652954323
95,4.507101275147138,4.496002163373811,4.491264120715773,4.493853026922993,2.122993470349624,2.1203778350505864,2.11926027677484,2.1198709929906094,0.7175042394206328,0.7181999087279658,0.7184968794154718,0.7183346121435759
96,4.110071186645602,4.111766440176136,4.110160588847364,4.113785011085961,2.02733105008669,2.0277491068118203,2.027353099202841,2.028246782589821,0.7986682637157086,0.7985852217630891,0.7986638843510477,0.7984863421165738
97,5.133128854500451,5.133091379567617,5.1052658652684055,5.121916814989799,2.2656409367992207,2.265632666512296,2.259483539499327,2.2631652204357064,0.7261172675538987,0.7261192670628325,0.7276039225437297,0.7267154960621853
98,3.883863726448271,3.885876172727641,3.883322121552084,3.886716958204395,1.9707520712784425,1.9712625834037538,1.970614655774204,1.97147583251847,0.8058546891805461,0.8057540916735443,0.8058817627491154,0.8057120627638775
99,3.8690014124391974,3.8817145840996,3.871261235465221,3.877988975531764,1.9669777356236642,1.9702067363857023,1.9675520921859277,1.9692610227016032,0.8098563012255178,0.8092315070667738,0.8097452412741405,0.8094146036639983
100,3.9192767712389665,3.91888816879258,3.919319144702716,3.9188608193246712,1.9797163360539727,1.979618187629266,1.9797270379278846,1.9796112798538685,0.7507069175388148,0.7507316353394107,0.7507042222937456,0.7507333749545378
101,3.929465295631641,3.9294650100964312,3.9292445850864564,3.9203123062846728,1.9822878942352549,1.9822878222136238,1.9822322227949116,1.9799778549985534,0.7943322836650122,0.794332298609889,0.7943438356270183,0.7948113499692043
102,4.62443906502397,4.623852771939965,4.65205732550426,4.624088748844607,2.150450898073232,2.150314575112201,2.1568628434613686,2.1503694447337667,0.7585882988898532,0.7586189054150487,0.7571465302449429,0.7586065866050976
103,3.5209224585054995,3.5154741207575535,3.520887511429163,3.511763019591591,1.8764121238431337,1.8749597651036551,1.8764028116129978,1.8739698555717461,0.8235955265942053,0.8238684979994806,0.8235972775048461,0.8240544307641615
104,3.4410889940451126,3.4381981739179053,3.424120976697662,3.4370664691584065,1.8550172489885675,1.8542378957183205,1.8504380499486228,1.853932703513913,0.8096483687523994,0.8098082810150028,0.8105869930619463,0.8098708838269132
105,3.9617608084656846,3.966673324352799,3.975069274284287,3.9657318230088716,1.9904172448171977,1.9916509042381898,1.9937575766086224,1.9914145281705844,0.8091029570088457,0.8088662479287586,0.8084616899323248,0.808911614075585
106,3.9604690463960877,3.9565371348068137,3.9484991868880766,3.9573318235026425,1.990092723064955,1.989104606300738,1.9870830850490566,1.9893043566791488,0.807717448983925,0.8079083450575714,0.8082985910392072,0.8078697625644606
107,4.076448666965517,4.075026419108924,4.063398578775367,4.075034661609712,2.019021710374982,2.0186694675228343,2.015787334709534,2.018671509089508,0.8186494030701916,0.8187126751775692,0.8192299675459446,0.8187123084901508
108,4.194425857370049,4.192467592949819,4.196392564757902,4.188639625266336,2.048029750118403,2.0475516093495223,2.048509840044197,2.0466166287964964,0.7658905313295646,0.7659998307327549,0.7657807606869887,0.7662134865490553
109,4.698615624645774,4.687698473537966,4.680721795912621,4.689087174996086,2.1676290329864503,2.1651093444761553,2.1634975839858526,2.1654300208032784,0.7612629552334277,0.7618176565754735,0.7621721421370987,0.7617470965406336
110,4.08058348572765,4.078280051794643,4.08044605724117,4.076121154480205,2.0200454167487547,2.019475192171135,2.0200114002750507,2.018940602018842,0.7715575230454195,0.7716864757197117,0.771565216676481,0.7718073368298264
111,4.161910226058868,4.161902353308963,4.177471735666785,4.162439854156935,2.0400760343817748,2.040074104857214,2.043886429248647,2.0402058362226434,0.7878086239505876,0.7878090253358999,0.7870152339066517,0.7877816213222705
112,3.936379946921314,3.9364616788332265,3.95265630840944,3.937184825511249,1.98403123637742,1.9840518337062736,1.9881288460282045,1.984234065202805,0.7836399167822825,0.7836354244508761,0.7827452991453832,0.7835956772522964
113,3.6706834523747465,3.6675181971637234,3.6703632099035994,3.6673579835891483,1.915902777380613,1.9150765512542112,1.9158192007346622,1.9150347212489773,0.8035221443798624,0.8036915685659631,0.8035392857528044,0.803700144194993
114,3.6887098423239997,3.692053463331691,3.694511581399358,3.6915656126820235,1.920601427241998,1.9214716920453683,1.9221112302360022,1.9213447407172985,0.8097928375331018,0.8096204247678199,0.8094936726830408,0.809645580633081
115,4.699357300061744,4.683527127444992,4.669642325293198,4.688311446367862,2.1678001061125873,2.1641458193580654,2.160935520855076,2.165250896863424,0.7443037707133643,0.7451651045487393,0.7459205890390457,0.7449047854816476
116,3.958751048809771,3.960083955624588,3.9587923151693234,3.961528670354522,1.9896610386721079,1.9899959687458133,1.9896714088435115,1.9903589300310942,0.8135702304693756,0.8135074597855846,0.8135682871095113,0.8134394237229936
117,4.197254692229889,4.199878933993469,4.197565316491217,4.199560427145778,2.0487202571922523,2.049360615897912,2.048796065129767,2.049282905590582,0.7877759808999267,0.7876432924702281,0.7877602749363856,0.7876593969976595
118,4.0619392026634324,4.06032519969149,4.052275735012689,4.060211020306125,2.0154253155757056,2.0150248632936245,2.0130265112543078,2.014996531090345,0.7984779398962694,0.7985580142616627,0.7989573665473247,0.7985636789611601
119,4.8105527192000705,4.806564375594083,4.814832946353669,4.802921121619497,2.1932972254576146,2.192387825087998,2.1942727602451044,2.1915567803777063,0.7556845390985968,0.7558870966971115,0.7554671574938551,0.7560721280907867
120,3.5123289735565324,3.5110137029406885,3.5146913381056213,3.5109110144754427,1.8741208535087945,1.873769917289924,1.874751006962157,1.873742515522195,0.8458043099962829,0.8458620520419964,0.8457005992008451,0.8458665601956668
121,3.350670797266029,3.35179232973918,3.348414511721763,3.3525038953897366,1.8304837604485948,1.8307900834719364,1.829867348121651,1.8309844061022849,0.8412902761390791,0.8412371530124324,0.8413971486065188,0.8412034486007662
122,3.8363240236367604,3.838728328867412,3.842907791887723,3.842439969320382,1.9586536252325883,1.959267293879886,1.9603335919908436,1.9602142661761193,0.8219349115277259,0.8218233143787436,0.8216293223051092,0.8216510365467452
123,3.27044157049916,3.2675355420896146,3.2658675588525794,3.267425313992858,1.8084362224029797,1.8076325793948322,1.8071711481906132,1.8076020895077705,0.8154746599327379,0.8156386242993096,0.8157327354972642,0.8156448436053575
124,3.0317487697957883,3.032309155407997,3.0293141253975597,3.03228478395942,1.7411917670939603,1.7413526797889038,1.740492495070737,1.7413456819251656,0.8281417213269361,0.8281099552031508,0.8282797320353525,0.82811133672765
125,4.386539906945625,4.37519306702063,4.307999598062778,4.3633098061007916,2.094406815054235,2.0916962176713496,2.075572113433493,2.088853706246752,0.7594598667485537,0.7600820816252997,0.7637667000989985,0.7607337116630417
126,3.4368004425742886,3.431331179040263,3.436922566690568,3.4318431791026827,1.853860955566595,1.852385267443105,1.8538938930506697,1.8525234624972182,0.8087654978801884,0.8090698250898614,0.8087587025061294,0.809041335778754
127,3.4381143693512186,3.4442281448749434,3.43999341589929,3.448996993812635,1.8542152974644608,1.855863180537548,1.854721924143695,1.8571475422843051,0.8358063722883319,0.8355143974223402,0.8357166348810725,0.8352866520587571
128,3.982300873765975,3.975002475042282,3.9595803593849497,3.9733574446834368,1.9955703129095639,1.9937408244409005,1.9898694327480257,1.993328233052308,0.8195651022077499,0.8198957868720935,0.8205945507150524,0.8199703218944518
129,4.314002870380326,4.305428688517489,4.290699368689778,4.307672918819923,2.077017782875324,2.074952695489102,2.0714003400332293,2.0754934157495954,0.7675036677627489,0.7679657596748178,0.7687595729705401,0.7678448104474555
130,3.5777998764396246,3.5777995409615544,3.5284735541915015,3.567211360127274,1.891507302771952,1.8915072140918614,1.8784231563179532,1.8887062662381555,0.8012215997129404,0.8012216183517118,0.8039621128123715,0.8018098853652047
131,4.306866213267414,4.303734964644917,4.274088164114194,4.3009790932314615,2.075299065982398,2.074544519803062,2.067386795961074,2.0738802022372127,0.7574458757636946,0.7576222214474904,0.7592918701858203,0.7577774266347654
132,3.7020939990025608,3.6992996264302422,3.6982286803282394,3.692166097278603,1.9240826382987195,1.9233563441105348,1.9230779184235463,1.9215010011130889,0.8091545178853164,0.809298569705966,0.8093537777112761,0.8096663080212251
133,3.2958608496406514,3.2956756133609186,3.2958953831955164,3.295006389436228,1.8154505913520895,1.815399574022457,1.81546010234197,1.8152152460345379,0.8119296960813382,0.8119402661402744,0.8119277255078052,0.811978453780059
134,4.054158630292556,4.053964612202235,4.0536733528733295,4.054316052662642,2.013494134655613,2.0134459546266035,2.013373624758537,2.0135332261134016,0.8138012053996193,0.8138101162336153,0.8138234931487546,0.8137939753284192
135,3.317960941990683,3.3171468733023044,3.3178740877186677,3.310895031662084,1.8215270906551686,1.8213036191976077,1.821503249439503,1.8195865001868101,0.8238438398406795,0.8238870601246907,0.8238484510809321,0.8242189809750322
136,4.010254761586518,4.014029036340224,4.046177594376214,4.014819347023346,2.002562049372383,2.003504189249482,2.0115112712525907,2.0037014116437972,0.8054832922834434,0.8053002217448479,0.8037408615448687,0.8052618878630142
137,3.563725993663175,3.5643946817269336,3.5589350700293667,3.5664012433312298,1.8877833545359952,1.8879604555516871,1.8865139994257574,1.8884917906443834,0.8306673645414155,0.8306355914162266,0.8308950082285667,0.8305402484057736
138,4.446499318864565,4.442475684133831,4.394816760641773,4.442494078535777,2.108672406720533,2.1077181225519297,2.0963818260616964,2.107722486129466,0.7790000902272751,0.779200072921229,0.7815688167433466,0.7791991586826609
139,3.867049370047708,3.870397305664595,3.8876807128154063,3.8757220795074288,1.9664814695408925,1.9673325356087097,1.9717202420260858,1.9686853683378227,0.8112197687772748,0.8110563304553412,0.8102125952748394,0.8107963875528676
140,3.440006934623681,3.4391677837594927,3.439946651327713,3.4381674485522673,1.8547255685474553,1.8544993350657997,1.854709317205182,1.8542296105262335,0.8299196662732252,0.8299611554509334,0.8299226467913727,0.8300106138820114
141,3.679396300223047,3.677317260185222,3.6732307341226402,3.677471050808872,1.9181752527397091,1.9176332444409756,1.9165674353183193,1.9176733430928408,0.8004693798128698,0.8005821244357081,0.8008037333663982,0.8005737844973019
142,3.9679598715370163,3.969447380209467,3.967657961910251,3.9687571028565274,1.991973863166135,1.992347203729678,1.9918980802014572,1.9921739640042804,0.7828314153965117,0.7827500032443127,0.782847939073274,0.7827877824962645
143,3.5539136092780073,3.5484085729698425,3.5536181493732357,3.547343046640399,1.885182646132201,1.8837219999166126,1.8851042807689011,1.8834391539522584,0.7994916829175434,0.799802271661948,0.7995083524753279,0.7998623876114651
144,3.1202630742876063,3.11953725140784,3.1202619440719044,3.1172223893915074,1.7664266399394022,1.7662211785073352,1.7664263200235397,1.7655657420191149,0.8237634111324431,0.8238044065694965,0.8237634749685221,0.8239351530404654
145,3.76965171997984,3.7696517196692003,3.7696547239805023,3.7700629696660157,1.94155909515519,1.9415590950751924,1.941559868760297,1.9416649993410335,0.8309477087226523,0.8309477087365831,0.8309475740064417,0.8309292659839328
146,4.1811568743948255,4.1924428192377965,4.240740938291086,4.190765531997849,2.044787733334398,2.047545559746546,2.0593059360597894,2.0471359339325392,0.7893003445275549,0.7887316156418589,0.7862977445027932,0.7888161386229863
147,3.606887919785943,3.6067675204328618,3.623180046548926,3.6048975085581634,1.8991808549440317,1.8991491569734227,1.9034652732710744,1.8986567642831507,0.811878013022588,0.811884292609322,0.8110282757069571,0.8119818255400266
148,3.435342987193837,3.440162491721801,3.4352686130577594,3.440357731183446,1.8534678273964824,1.8547675034143232,1.8534477637791036,1.8548201344560193,0.795550900029972,0.7952640747066442,0.7955553262911164,0.7952524553334518
149,3.6782319906706578,3.677562387376494,3.6724694303236114,3.6747294988601653,1.9178717346763985,1.917697157367788,1.9163688137526167,1.9169583977906681,0.8178844396628706,0.8179175928678424,0.8181697538869981,0.8180578540261468
150,3.702094854212704,3.7037138240492564,3.730543869023084,3.705231386064864,1.9240828605371194,1.9245035266398596,1.9314615888034337,1.9248977598991754,0.7910782936181943,0.7909869296866493,0.7894728197032559,0.7909012885406694
151,4.74972285988188,4.745913191942602,4.690539584796429,4.743390845841388,2.1793858905393235,2.1785116919453524,2.165765357742253,2.177932700025735,0.7724347611228539,0.7726172871396805,0.7752703068019733,0.7727381359365444
152,3.898965757883621,3.9006514461297677,3.91607012891833,3.9003664182609055,1.974579894023947,1.9750066952113776,1.9789062961439914,1.974934535183611,0.8187652990992497,0.8186869436521713,0.8179702406757939,0.818700192535021
153,3.6915259308500468,3.6904668100855376,3.6719697397759425,3.684101738670861,1.9213344141117252,1.9210587731991797,1.9162384350012247,1.9194014011328795,0.7980963377283189,0.7981542650909186,0.799165940562461,0.7985023951740651
154,3.794651556974139,3.788199607861395,3.7732245246480898,3.7896600557286586,1.9479865392179019,1.9463297788045568,1.9424789637594766,1.9467049226137634,0.7744128401008776,0.7747964001865151,0.7756866496443695,0.7747095784371107
155,4.092183953830858,4.0920153735787865,4.109049028809593,4.091750981299635,2.022914717389455,2.022873049298642,2.027078939955125,2.022807697557935,0.7838501026465463,0.7838590070859831,0.7829592863326562,0.7838729723340375
156,4.817695173295066,4.816830732320837,4.8087140568229385,4.808588381954533,2.1949248673462756,2.194727940388247,2.1928780305395326,2.1928493751178015,0.7550420211507116,0.7550859740589518,0.7554986702452864,0.7555050602431275
157,4.400213960420436,4.4062786185319,4.413015948384077,4.410429424643092,2.097668696534426,2.099113769792362,2.100717960218381,2.1001022414737553,0.8059685003013244,0.8057010735990977,0.8054039848150202,0.8055180399689249
158,4.107365237936787,4.118281461717111,4.107463905161057,4.116522871155433,2.0266635729535345,2.0293549373426796,2.026687915087337,2.02892160300871,0.7867477117440587,0.7861809470261888,0.7867425889925788,0.7862722521426463
159,3.7032058103870447,3.705763639642334,3.7066657367229983,3.7057505346101745,1.9243715364728935,1.9250360099599004,1.9252703022492708,1.925032606116108,0.7868407762082008,0.7866935456931914,0.7866416203281577,0.7866943000283879
160,3.7694512427890565,3.7700182594412945,3.7693840232953386,3.772433979313998,1.9415074665808156,1.9416534859344226,1.9414901553433999,1.9422754643237394,0.8096645815950885,0.8096359505438306,0.8096679757895315,0.8095139707056249
161,4.9283268842386105,4.928213359675089,4.921485460683392,4.928064234544576,2.219983532425097,2.2199579634927975,2.2184421247090023,2.219924375861614,0.7720167961726055,0.7720220477913217,0.7723332787634514,0.7720289462836142
162,4.119030392933112,4.118413644155594,4.118978903353244,4.116528639206809,2.029539453406391,2.0293875046810537,2.0295267683263614,2.028923024465642,0.7893920297086302,0.7894235643650473,0.7893946623951785,0.7895199455587705
163,3.7107136979703386,3.7096924926162984,3.710602287821483,3.7071524376757905,1.9263212862786776,1.9260562018322047,1.9262923682093231,1.9253966961838775,0.8194074848782769,0.8194571847630842,0.8194129069724155,0.819580803815264
164,3.825165301153444,3.8241058854698244,3.8237075521469555,3.822402422574487,1.9558029811699962,1.9555321233541076,1.9554302728931439,1.9550965251297663,0.7999478585380706,0.8000032648694368,0.8000240972852887,0.8000923541958538
165,4.576880601718437,4.5796352315664235,4.61381813596053,4.579740473467867,2.1393645322194246,2.140008231658566,2.1479800129332047,2.140032820652026,0.8058103573322262,0.8056934828422817,0.8042431574859362,0.8056890175985899
166,3.2662811381182233,3.2659568813800317,3.2620479899971624,3.2645683413082196,1.8072855718226224,1.8071958613775188,1.8061140578593486,1.8068116507561653,0.8187068476413337,0.8187248453346597,0.8189418062180196,0.8188019154937031
167,4.300747527023838,4.311477094134881,4.306893477216681,4.3090836144110405,2.07382437227067,2.0764096643328553,2.0753056346516003,2.0758332337668746,0.7984830236789815,0.7979802762129039,0.7981950473930687,0.798092425738958
168,3.6318201397734926,3.621191942274425,3.6297025624922736,3.623816813625969,1.9057334912766508,1.9029429687393222,1.9051778296243829,1.903632531143017,0.817863854400791,0.8183968595752344,0.8179700511146056,0.8182652220127273
169,4.136306114665641,4.140311646746104,4.136664602716423,4.13970213204207,2.033791069570727,2.0347755765061915,2.033879200620436,2.0346257965636014,0.7796104105051306,0.7793969887838048,0.7795913096377961,0.7794294647881647
170,4.390638603109069,4.389673034868769,4.390060977407547,4.38919585209067,2.0953850727513235,2.0951546565513413,2.095247235389549,2.0950407757584744,0.7923316978223278,0.792377367242024,0.7923590183466462,0.7923999370197521
171,3.5819892332163437,3.582428402872371,3.600159569624601,3.5831526411065973,1.8926143910517916,1.8927304094541229,1.897408645923329,1.8929217208079676,0.8318834644681439,0.8318628525465899,0.8310306606746323,0.8318288612599303
172,4.669054010213102,4.667827086087373,4.668926158857894,4.66733121012811,2.1607993914783257,2.160515467680658,2.1607698070034886,2.160400705917333,0.7653911495324928,0.7654527995494167,0.765397573758773,0.7654777161360578
173,3.780416129949517,3.7779295644578497,3.7744008954205666,3.777347940994788,1.9443292236525986,1.9436896780242081,1.9427817415810162,1.9435400538694303,0.8085486551821466,0.8086745821412414,0.8088532842759755,0.8087040372568565
174,3.585847124002201,3.5844579904294447,3.588804119350759,3.5844986448546874,1.8936333129732907,1.8932664869028462,1.8944139250308416,1.8932772234553203,0.8127158092500115,0.8127883619127494,0.8125613691799931,0.8127862385843228
175,4.669709502876837,4.678499249589989,4.691776050431907,4.6768991950324,2.16095106443363,2.16298387640546,2.166050795902974,2.162613972726617,0.7826753806859832,0.7822663127649218,0.7816484208624597,0.7823407780496243
176,3.57944361313741,3.579339443319522,3.5777468212805106,3.577558561977638,1.8919417573322415,1.8919142272628329,1.8914932781483815,1.8914435127641633,0.8260619276174316,0.8260669896045119,0.8261443808522697,0.826153529050646
177,3.281201720022498,3.280249478943971,3.2811529698509765,3.2775222985623853,1.811408766684786,1.8111459021691132,1.8113953102100537,1.810392857520816,0.8343694278769423,0.8344174957033343,0.8343718887188805,0.8345551600365354
178,4.355138185908106,4.354575150204903,4.35260758465509,4.354509793240646,2.0868967837217314,2.086761881529587,2.0862903883819937,2.0867462215709525,0.7922739406703079,0.7923007956592647,0.7923946421965475,0.7923039129758814
179,3.94161272467148,3.9400519741596494,3.941514809138968,3.933898289426793,1.9853495220417687,1.9849564161864233,1.985324862368617,1.983405729906716,0.7854665253823857,0.7855514736646505,0.7854718547135189,0.7858864054450301
180,4.072979242179002,4.075973530743304,4.069016969263424,4.075470586222624,2.018162342870118,2.0189040419849835,2.017180450347322,2.018779479344543,0.8101186336827312,0.8099790406305865,0.8103033539452704,0.8100024877898009
181,4.170317458162424,4.171098039325198,4.170278066070206,4.17401752094984,2.0421355141523847,2.0423266240553195,2.042125869301451,2.0430412430858658,0.8062969325267251,0.8062606760625212,0.8062987622121564,0.8061250718664861
182,4.246051122774281,4.257828651980915,4.287809473511022,4.2544361319763215,2.060594846828042,2.063450666233849,2.0707026521234337,2.0626284522366896,0.7860760834084252,0.7854827096823903,0.7839722203880074,0.7856536311210431
183,3.916199606015463,3.9109819909964,3.9257447743024008,3.911426283821432,1.9789390101808249,1.977620284836399,1.981349230777452,1.97773261181117,0.806229036080065,0.806487200217065,0.8057567474722788,0.8064652169022113
184,3.947988679286635,3.9463732736673895,3.9469762440881984,3.9443983166473844,1.986954624365296,1.9865480798781059,1.9866998374410259,1.9860509350586617,0.7922444481994804,0.7923294559117792,0.7922977257163124,0.7924333843469407
185,3.220627345602368,3.2172079154007687,3.2136356242191324,3.2142521594338205,1.7946106389973198,1.7936576918132312,1.7926616033761453,1.7928335559760757,0.8361332787496,0.8363072606343547,0.83648902014282,0.8364576506010118
186,3.0897227451047993,3.100533587265777,3.113191519006281,3.0969711443075614,1.7577607189560243,1.7608332082471005,1.7644238490244573,1.7598213387465107,0.8549745920035026,0.8544671526878987,0.853873014680543,0.8546343666375316
187,4.143415749570352,4.1326171123455815,4.144887599790998,4.1383753568805846,2.035538196539272,2.032883939713623,2.0358997027827765,2.0342997214964624,0.7708287742443367,0.771426044004087,0.7707473665991519,0.7711075570266639
188,3.87143081148049,3.8729225112751617,3.871358473735921,3.8738864965456865,1.9675951848590425,1.9679742150940804,1.9675768024999485,1.9682191180215902,0.8074354747734156,0.8073612777964505,0.8074390728445467,0.8073133292794852
189,3.423391805277964,3.419269914543526,3.4233102885138753,3.4183673522646436,1.8502410127542745,1.84912679785447,1.8502189839351113,1.8488827308038343,0.8022652003797153,0.8025032804140175,0.8022699087806023,0.8025554123292381
190,3.6252117459350446,3.6211768803152364,3.6252476067568113,3.620529323177179,1.903998882860766,1.9029390111916977,1.9040083000756092,1.9027688570021266,0.8435707817083966,0.843744887641802,0.8435692343007666,0.8437728299701416
191,3.042712349286553,3.0494301996203808,3.05231392430097,3.047146923737515,1.7443372234996743,1.7462617786633197,1.7470872686563113,1.7456078951865206,0.8516345499709749,0.8513069814158205,0.8511663683506072,0.8514183160459183
192,3.790757435723669,3.7917699981221618,3.813180737367017,3.7937636133480632,1.9469867579733737,1.947246773812236,1.952736730173071,1.9477586127002655,0.8034875401864178,0.8034350490600356,0.8023251186287759,0.8033317002600645
193,4.238683384972876,4.238495578409921,4.2386181216628485,4.238697886141225,2.0588063009843536,2.0587606899321544,2.0587904511297035,2.058809822723125,0.7937171567340531,0.7937262966646097,0.7937203328856857,0.793716451009665
194,3.4596298606196925,3.466146070483354,3.4599474251898026,3.4647751383878744,1.8600080270309836,1.8617588647521874,1.860093391523609,1.861390646368428,0.8108727213927521,0.810516500326338,0.8108553611185764,0.8105914449495547
195,5.070395242946366,5.0753499001435145,5.070568624050519,5.076103741082469,2.2517538149065865,2.2528537236455266,2.251792313702691,2.253021025441722,0.7684544311262194,0.7682281708714819,0.7684465134739517,0.7681937458373993
196,6.00265820980927,6.006896808090166,6.002569152057128,6.008464704515306,2.4500322875034257,2.4508971435150366,2.450014112624074,2.451216984380474,0.729185339402352,0.7289941116971037,0.729189357313097,0.7289233748129793
197,4.000059203160652,4.004349208833433,4.000280073377214,4.006389286487601,2.0000148007353977,2.001087006812406,2.0000700171187042,2.0015966842717345,0.8221175749232317,0.8219267985937053,0.822107752836169,0.8218360764463476
198,3.9127691131481273,3.9201387092067868,3.925140190499069,3.9200855286864718,1.9780720697558336,1.9799340163770072,1.9811966561901595,1.9799205864595861,0.8253873803047846,0.8250585021019861,0.824835304227144,0.8250608753547133
199,3.572373212389798,3.576456694386693,3.5798626454412736,3.5749208458043253,1.8900722770279972,1.8911522134367431,1.8920524954242874,1.8907461082346104,0.8151552636207486,0.8149439726641913,0.8147677390829346,0.8150234418320099
200,4.369393660179674,4.369731951598248,4.369350998451607,4.376078960260503,2.0903094651700918,2.090390382583657,2.0902992605011383,2.091907971269411,0.7842690616081495,0.7842523590789533,0.7842711679540971,0.7839389869634655
201,4.674573162423893,4.672445400875968,4.659962623404575,4.670921219085495,2.1620761231797303,2.1615840027340987,2.1586946572881898,2.161231412663969,0.7715348255157494,0.7716388177726714,0.7722489012677751,0.7717133106614564
202,4.0447700190002935,4.047997563659385,4.0515511710582315,4.049300140221002,2.0111613607565886,2.0119636089301873,2.0128465344030158,2.012287290677204,0.8258760300502069,0.8257370869492169,0.8255841071197029,0.8256810121165301
203,4.037527761816018,4.041945900711876,4.038885560784569,4.044868732801635,2.009360037876741,2.010459126844382,2.0096978779867807,2.011185902098967,0.7989056087078418,0.7986855574774059,0.7988379817407507,0.7985399819731337
204,3.8498794984510325,3.848711503094864,3.821743326528308,3.847797710732384,1.9621109801565844,1.9618133201441121,1.9549279594216018,1.961580411487733,0.8046510743917736,0.804710340308547,0.8060787478963714,0.8047567075666161
205,4.018208621486731,4.019385170375373,4.018223266747779,4.024887624568641,2.0045469865998977,2.004840435140755,2.0045506396067374,2.0062122581044712,0.8287014877460054,0.8286513307996635,0.8287008634102215,0.828416758056971
206,3.952359888230294,3.944912143226308,3.9292767535137614,3.9468145259305487,1.9880542971031485,1.9861802897084413,1.9822403369707118,1.9866591368250741,0.8136983837055672,0.8140494466075371,0.8147864489193749,0.8139597743654758
207,3.8335188251685985,3.8440252786369333,3.8400553035188567,3.8436714372347343,1.9579373905129343,1.9606185959122526,1.95960590515513,1.9605283566515264,0.826836776881593,0.8263621916691308,0.8265415187361149,0.826378174978584
208,3.6212904559864927,3.62131032093633,3.6084821106071603,3.6217850403625644,1.9029688531309419,1.9029740725864686,1.899600513425694,1.9030987994222908,0.8466939127083526,0.8466930717325263,0.8472361496094384,0.8466729746487154
209,4.191734051060112,4.191078909612897,4.191805441251775,4.190967350437085,2.047372474920016,2.047212473001495,2.0473899094339054,2.0471852262160075,0.7825144078654305,0.7825483994841362,0.7825107038284097,0.7825541876646634
210,4.206849056726497,4.199561058865896,4.1752857341604965,4.194408881841197,2.0510604712505422,2.0492830597225695,2.043351593378021,2.048025605758189,0.7694684875479979,0.7698678632201211,0.7711981289948466,0.7701501978477506
211,3.759466209632398,3.7596951333074866,3.759510159740877,3.7597469980156304,1.9389342973995787,1.9389933298769975,1.9389456309398871,1.9390067039635603,0.8241624151986349,0.8241517079907796,0.824160359566134,0.8241492821769785
212,3.6127282946635524,3.618586044827419,3.6106017841614144,3.61539808242201,1.9007178366773834,1.902258143582889,1.9001583576537546,1.901420017361238,0.8022877861498995,0.8019672115983093,0.8024041627674753,0.8021416778336405
213,3.7626619492644235,3.7536935104085947,3.74413531588016,3.7542075198179585,1.9397582192800276,1.937445098682436,1.9349768256700544,1.9375777454899605,0.8046644222095396,0.8051300115208846,0.8056262175250435,0.8051033271345853
214,3.8655469289992714,3.8644622610045363,3.8552435386640322,3.8599690343232655,1.9660994199173325,1.9658235579533927,1.96347740976667,1.9646803898658085,0.7865443597767016,0.7866042551823191,0.7871133133609873,0.7868523713210016
215,3.7484690335279653,3.7458575241360017,3.7545602408445977,3.744568862619911,1.9360963389067098,1.9354217948901995,1.9376687644808124,1.9350888513502194,0.8143255310250352,0.8144548880012404,0.8140238127304953,0.8145187198057848
216,3.422919498555951,3.4188689116736684,3.412494459693101,3.4116260880920968,1.8501133745141,1.8490183643419198,1.8472938206179061,1.8470587668214828,0.7713940003589076,0.7716645262838521,0.7720902558307481,0.7721482516316985
217,4.806759265149167,4.807107387746723,4.821344627909056,4.80760451624937,2.192432271507872,2.1925116619408715,2.195756049270742,2.1926250286470257,0.7586605938806157,0.758643115222685,0.7579282870201434,0.7586181552255277
218,4.248593494612712,4.24543405786904,4.252223102334086,4.243365164308854,2.0612116569175307,2.0604451115885225,2.0620919238322246,2.0599430002572534,0.7924025529872988,0.7925569313722434,0.7922252008123801,0.792658022950381
219,3.3981710860216867,3.407693739108851,3.3969344281164613,3.4057606058316634,1.8434128908146667,1.8459939704963424,1.8430774341075475,1.8454702939445173,0.8294684309703205,0.8289905524494423,0.8295304905922738,0.8290875635305671
220,4.221323553305998,4.217196884254351,4.216779817341603,4.21181494086897,2.054585980996171,2.0535814773839265,2.053479928643473,2.052270679240185,0.7490979896746235,0.7493432657232209,0.7493680548504998,0.7496631512751806
221,4.800157564511372,4.804308787463501,4.888472925369216,4.806047541479628,2.1909261887410474,2.191873351145887,2.2109891282792904,2.192269951780489,0.7692391028937089,0.7690395386253183,0.7649934647816407,0.7689559504448854
222,3.6731652092244818,3.6724488772083457,3.6730663586003036,3.6714041655959453,1.916550340905368,1.9163634512295276,1.9165245520473522,1.916090855256072,0.8258620499164847,0.8258960098888148,0.8258667362412424,0.8259455377287701
223,3.6178359564302,3.6192879111568628,3.6182058055081234,3.6196449557916535,1.9020609760021365,1.902442617047059,1.9021581967618055,1.902536453209676,0.8084058314551432,0.8083289385108611,0.8083862449046679,0.8083100300609589
224,3.9861854328143287,3.9856028806257875,3.9898612922061445,3.985260346142689,1.996543371132801,1.9963974756109535,1.9974637148659657,1.9963116856199308,0.7670699840571177,0.7671040250953112,0.7668551877308628,0.7671240408632561
225,4.636400076027806,4.635545569553184,4.6356732129515805,4.6347831386485145,2.1532301493402435,2.15303171587257,2.153061358380569,2.1528546487509357,0.7770232359505089,0.7770643314309348,0.7770581927217077,0.7771009987532423
226,3.9678359458757084,3.9688060815566875,3.9739777790055695,3.9694557119543363,1.9919427566764334,1.9921862567432513,1.9934838296323272,1.9923492946655554,0.8206240454733034,0.8205801880618151,0.8203463885350528,0.8205508198938118
227,3.398743588569199,3.4009590209015523,3.395482223743937,3.401369908735181,1.843568167594895,1.8441689241773793,1.8426834301485258,1.8442803227099673,0.8276323714136591,0.8275200155364151,0.8277977718642185,0.8274991773179229
228,4.2694693873505285,4.27313257750957,4.295929868755914,4.276709766437563,2.0662694372589767,2.067155673264491,2.072662507200802,2.0680207364621763,0.7998962269841031,0.7997245386299787,0.798656063000091,0.7995568810275134
229,4.225526044022829,4.225346048404884,4.218022644124611,4.225593314575061,2.0556084364544795,2.0555646543966657,2.053782521136211,2.0556247990757117,0.769806429487513,0.7698162350912509,0.7702151914725438,0.7698027647961948
230,3.3216317615861675,3.3161655663350555,3.2840976445572623,3.3153590843186445,1.822534433580383,1.8210342024067137,1.8122079473827672,1.8208127537774565,0.8198328068476717,0.8201292963824252,0.8218686786715006,0.8201730404250084
231,3.756720345432637,3.7582799157046307,3.7997690894590685,3.759762149043995,1.9382260821257764,1.9386283593573654,1.9492996407579488,1.9390106108642096,0.7978657379528649,0.7977818236454228,0.7955494553164908,0.7977020705324187
232,4.304471489062543,4.296618292310413,4.303939279523815,4.293901624620582,2.0747220269381974,2.0728285728227536,2.0745937625288993,2.0721731647284165,0.7265265375530077,0.7270254700961875,0.7265603501094791,0.7271980665511398
233,3.7368262886219856,3.740435876559862,3.738442343744621,3.740974967899049,1.933087242889463,1.9340206504998498,1.9335051962031602,1.9341600161049366,0.8218885103646555,0.8217164635433883,0.8218114829721589,0.821690768380152
234,4.563706518345796,4.567649046604239,4.586923544199906,4.5676838869325405,2.1362833422432046,2.137205897101222,2.1417104249174086,2.1372140479915767,0.7909496521159459,0.7907690561681879,0.7898861465394755,0.7907674602323576
235,3.4201737190599775,3.4225444384733676,3.417632188981403,3.4229011600181267,1.8493711685489145,1.8500120103592212,1.8486839072652208,1.8501084184496126,0.8393336264384558,0.8392222593202423,0.8394530175731068,0.8392055019384028
236,3.594217009440516,3.5992971681033503,3.592964653067937,3.599045934006217,1.8958420317738807,1.8971813745932018,1.8955117127224343,1.8971151609763222,0.8042350794831675,0.8039583803149675,0.8043032911256734,0.8039720641918529
237,4.200014178533964,4.204263970431078,4.204132923649971,4.204692677365057,2.0493936123970826,2.0504301915527576,2.050398235380135,2.050534729616901,0.7927067361294606,0.7924969860677523,0.7925034539304359,0.792475827077375
238,4.141145852616556,4.145200175863372,4.1411881100742445,4.1460439900658805,2.0349805533755245,2.0359764674139464,2.034990936115993,2.0361836827913833,0.8027252276730626,0.8025320889322598,0.8027232146238629,0.8024918915423076
239,5.341272966653061,5.342017501044813,5.348293368834124,5.341416054347184,2.3111194185184507,2.3112804894786816,2.3126377513207994,2.3111503746721422,0.736236575457329,0.7361998087648037,0.7358898930592368,0.7362295094825234
240,4.052197964798321,4.057084349597543,4.052147993816437,4.059526529553554,2.0130071944228916,2.0142205315202064,2.0129947823619507,2.0148266748168573,0.7980841389444787,0.79784065661643,0.7980866289348303,0.7977189659011801
241,3.5290100282955783,3.5333534541718,3.5445140202858094,3.534242900951014,1.87856594994575,1.8797216427364452,1.882687977410439,1.8799582178737415,0.8526656581379288,0.8524843223560045,0.8520183744980978,0.8524471884134013
242,4.370939840587282,4.368865943044012,4.367593999933941,4.368618119740119,2.090679277313305,2.0901832319306393,2.0898789438467342,2.0901239484155285,0.8022104126032136,0.8023042586304633,0.8023618153830401,0.8023154728934849
243,3.5924156613069673,3.5945360734367235,3.5932929614712643,3.594145891647213,1.8953668935873518,1.8959261782666337,1.8955983122674658,1.8958232754260649,0.8072108320121876,0.8070970388076066,0.8071637511661228,0.8071179781502817
244,3.918912977115808,3.9208801604730024,3.9232791325382004,3.9241795340108645,1.9796244535557264,1.9801212489322473,1.98072692023363,1.9809541978579073,0.7775943320567463,0.7774826907084749,0.7773465445404806,0.7772954450666942
245,4.075123563973915,4.075017711828882,4.0871893049762456,4.0747489785795885,2.018693528986982,2.0186673108337794,2.021679822567423,2.018600747691229,0.8069880461516914,0.8069930596755788,0.8064165709046399,0.8070057878122097
246,3.5274527209532667,3.5226677914369704,3.5273105200577266,3.5207100663955817,1.8781514105506154,1.8768771380772291,1.8781135535578584,1.8763555277173838,0.8038378936975682,0.8041039842526166,0.8038458015079328,0.8042128535977389
247,4.512851447992027,4.51247109777412,4.5125250436265,4.512033329739022,2.1243472992879546,2.1242577757358263,2.1242704732746485,2.124154733002994,0.7762652936255402,0.7762841503384862,0.7762814758521706,0.7763058536681707
248,3.911926582876141,3.9097161296021037,3.9117967936963,3.909075390958821,1.9778590907534694,1.977300212310236,1.9778262799589603,1.9771381820598228,0.8059025734615999,0.8060122491630438,0.8059090131902773,0.8060440405883454
249,4.02439139399777,4.023726026414741,4.005484040094798,4.022744666849183,2.0060885807954167,2.0059227369005868,2.0013705404284328,2.0056781064889706,0.8161613661392582,0.8161917608637032,0.8170250749019368,0.8162365904501414
250,4.132151020032767,4.133583538950632,4.216587549519346,4.133721511750038,2.032769298280739,2.033121624239591,2.053433112988915,2.0331555552269083,0.805320529336188,0.8052530385733156,0.8013424417044813,0.805246538212747
251,4.302559235060818,4.302559115434636,4.3024234856199115,4.299355115823262,2.0742611299112794,2.0742611010754253,2.074228407292676,2.0734886341196237,0.7960793086391942,0.7960793143089021,0.7960857425122286,0.7962311685380192
252,4.016944691068946,4.012024621895357,4.005626086909819,4.0109862079609195,2.0042316959545734,2.0030038996206065,2.0014060274991228,2.002744668688677,0.7977657606194333,0.7980134629214422,0.7983355990112986,0.798065742170559
253,3.6490408930735097,3.648973516033249,3.6473869465633078,3.649028264786537,1.9102462912078928,1.910228655431922,1.9098133276745421,1.9102429857969736,0.8254574264467643,0.825460649255812,0.82553653876391,0.8254580304886954
254,4.515755660266088,4.5170576359109305,4.515837228765595,4.520156946057927,2.1250307433696314,2.1253370640702927,2.1250499355934194,2.126066072834503,0.8068475495110047,0.8067918600970511,0.8068440605809678,0.8066592932810505
255,3.4711760586305878,3.4738707564293403,3.471256461412607,3.4759850848427094,1.8631092449533355,1.8638322769040514,1.8631308224095824,1.8643993898418625,0.8266432042416012,0.8265086261712185,0.8266391887815884,0.8264030327951605
256,4.100915328321283,4.10373465044014,4.121001189917069,4.108080213570427,2.0250716847364396,2.025767669413287,2.030024923471894,2.0268399575621228,0.7917422759652479,0.791599101683219,0.7907222510473163,0.7913784199537248
257,3.9064232017476783,3.905436371399678,3.906217507150815,3.903703741431776,1.9764673540809314,1.9762176933221902,1.9764153174752555,1.9757792744716642,0.7982858255750598,0.798336782078916,0.7982964469321547,0.7984262490940113
258,3.985408050375824,3.9859534439457107,3.9854420319872528,3.9871906724080106,1.9963486795587149,1.9964852726593578,1.9963571904815163,1.996795100256411,0.8133846115971856,0.813359073727138,0.8133830204196862,0.8133011409214839
259,3.4029871672492327,3.4009731420282763,3.40692291152397,3.400502831835971,1.8447187230711442,1.8441727527615943,1.8457851748033869,1.8440452358431914,0.8109166181968999,0.8110285253775911,0.8106979327300425,0.811054657665868
260,3.1997985315079367,3.1990417322949196,3.1824042182975205,3.1982512487409567,1.7887980689580187,1.7885865179786298,1.7839294319836534,1.788365524366022,0.8202859590027831,0.8203284640053499,0.8212628962338725,0.8203728608610974
261,4.541483492102864,4.554656200753331,4.541511709651993,4.554238419970051,2.131075665503894,2.1341640519775726,2.131082285988036,2.1340661704759887,0.765205312708945,0.7645242836985476,0.7652038538617124,0.7645458829641921
262,4.27045425872277,4.26526158675734,4.270233384566741,4.2639854259194205,2.0665077446558895,2.0652509742782694,2.0664543025595172,2.0649419909332614,0.7831070033222552,0.7833707350273886,0.7831182213460737,0.783435550227742
263,4.159661664784795,4.152501930804233,4.159494810063241,4.145496393849912,2.0395248625071467,2.037768860986013,2.039483956804574,2.0360492120402967,0.7718331426183491,0.7722258702326799,0.771842294977489,0.7726101397911082
264,3.9710638298496574,3.9744095500628553,3.9712565435191944,3.979852797676261,1.9927528270835944,1.9935921222915323,1.9928011801279109,1.9949568410560319,0.8205721236203738,0.8204209511641917,0.8205634160785271,0.8201750043847568
265,3.3972995482195048,3.391698955962599,3.3931520105272943,3.387919534828751,1.8431764831994533,1.841656579268404,1.8420510336381275,1.840630200455472,0.810125203290369,0.8104382199381917,0.810357008836208,0.810649451479386
266,4.58921693375141,4.58962624786629,4.589920784167363,4.5904534521005145,2.1422457687556324,2.1423413005089293,2.1424100410909586,2.142534352606864,0.7756950735832353,0.7756750677361061,0.7756606718284179,0.775634636876644
267,5.262102995056954,5.261459737061912,5.294174957897,5.260641173578718,2.2939274171291806,2.2937872039624585,2.3009074205402094,2.2936087664592493,0.7433633426360037,0.7433947148044742,0.7417991692729768,0.7434346367513393
268,3.7464007442849483,3.752281686039647,3.7465160481972983,3.75632140269379,1.935562126175481,1.9370807123193516,1.9355919115860394,1.938123164995917,0.8339230902878535,0.8336623897650097,0.8339179788972821,0.8334833102420686
269,5.158865601014822,5.164309950806484,5.157017434683724,5.163973030718462,2.2713136289413716,2.272511815328247,2.2709067428416616,2.2724376846722247,0.7562209216869304,0.7559636522256047,0.7563082556707187,0.7559795731808835
270,3.5819219826165702,3.57766100498253,3.570222483560174,3.575919894713387,1.8925966243805281,1.8914705932111475,1.889503237245222,1.8910102841373937,0.809294066234459,0.809520925926657,0.8099169619599849,0.8096136247797524
271,3.8746683980475813,3.874698842714923,3.873213836841637,3.874568752590295,1.9684177397208098,1.9684254729897506,1.9680482303138906,1.9683924285035987,0.7879096758198059,0.7879080093496199,0.7879892951126115,0.787915130180068
272,4.281403498714343,4.276422960836178,4.270234310888273,4.275071900489125,2.0691552621092364,2.0679513922808193,2.0664545266925844,2.067624700106169,0.7795530222838336,0.7798094672843976,0.7801281172732548,0.7798790325964056
273,3.979952164433815,3.972795903958243,3.9717202831057943,3.9697990006649033,1.9949817453886176,1.9931873730179617,1.9929175304326554,1.9924354445414043,0.777694328067196,0.7780940507844096,0.7781541310583601,0.7782614469170308
274,4.1581880383635905,4.1628289200147535,4.15824400877006,4.16299559321658,2.039163563416037,2.0403011836527356,2.0391772872337657,2.0403420284885034,0.7934953674115829,0.7932648911677435,0.7934925877998584,0.7932566138152073
275,4.36331095032062,4.357443720349135,4.363264883865333,4.358049801883767,2.0888539801337527,2.0874490940737056,2.088842953375225,2.0875942617960432,0.7970615625195467,0.7973344485220133,0.7970637050793054,0.7973062595524385
276,4.01391185344338,4.01924955305532,4.065295481361633,4.0276638004016965,2.003474944550937,2.0048066123831796,2.0162577913951463,2.00690403368016,0.8218182460696772,0.8215812999897596,0.8195372729740864,0.821207782731553
277,4.57424292243147,4.574358102537317,4.5743548724908845,4.576405781246799,2.1387479801116047,2.138774906935584,2.138774151819421,2.1392535570256275,0.7857532504020626,0.7857478556375705,0.785748006925327,0.7856519471965089
278,3.7227230938600626,3.7212446790578633,3.7342384842604237,3.7212212010966406,1.92943595225653,1.929052793227252,1.9324177820182735,1.9290467078577025,0.8125569432926978,0.8126313830462382,0.8119771311709256,0.8126325651864903
279,3.9123686555652437,3.914037020555711,3.912329060394278,3.9137913679928062,1.9779708429512413,1.9783925344975681,1.9779608338878396,1.9783304496450551,0.809567969701508,0.8094867631076555,0.8095698969710117,0.8094987200883034
280,4.237603799518644,4.239089959550627,4.237600297748312,4.240879376816211,2.0585440970546744,2.0589050389832524,2.058543246509121,2.0593395486942434,0.7830615962579548,0.782985514302138,0.7830617755263578,0.7828939075017882
281,4.219453759233574,4.2198777910695044,4.219513666979851,4.223970586301493,2.054130901192418,2.0542341130137785,2.05414548340176,2.0552300567823285,0.7829924099636734,0.7829706018974959,0.7829893288929031,0.782760108388031
282,3.6755476345494498,3.6730066744467345,3.676223847873642,3.6730778379564866,1.9171717801358985,1.916508981050372,1.9173481290244716,1.916527546881726,0.8087162306779716,0.8088484679591799,0.8086810390150201,0.8088447644500059
283,4.372959258417586,4.37813156789851,4.372949179196577,4.380546627558439,2.0911621788894292,2.092398520334621,2.0911597689312447,2.0929755439465696,0.8033699888787579,0.8031374161035145,0.8033704420906955,0.8030288230022007
284,4.704265729785152,4.709190548307979,4.705726541402661,4.709069730705918,2.1689319329534413,2.1700669455820893,2.1692686651041315,2.1700391081051786,0.7538301352711907,0.7535724240832571,0.7537536923534363,0.7535787463563735
285,3.6787865539150637,3.6819623675821087,3.688064016540012,3.6868946319150684,1.918016306999256,1.9188440185648517,1.9204332887502267,1.920128806073975,0.8117061127174066,0.8115435628407315,0.8112312579042316,0.8112911113296837
286,3.2518457247520964,3.2514476980382074,3.2575629807576916,3.2502108790084514,1.8032874770130514,1.8031771122211504,1.804872012292753,1.8028341240969596,0.8224436531674314,0.8224653861078111,0.8221314811961312,0.8225329185454494
287,3.7686985394053907,3.7661819667242025,3.76873112375442,3.76647235654668,1.9413136118117007,1.9406653412487693,1.9413220041390402,1.9407401568851714,0.7632237236710222,0.7633818325519349,0.7632216764919366,0.7633635882110488
288,3.343519124862388,3.345960284744235,3.3432381830865068,3.3456993105179205,1.8285292245032312,1.8291966227675567,1.8284524010994945,1.8291252856264166,0.8089778775103085,0.8088384090267878,0.8089939282916323,0.8088533190209479
289,4.560336047770991,4.551677594548349,4.561137978202001,4.548472733608639,2.135494333350241,2.133466098757688,2.1356820873439943,2.1327148739596296,0.7738186439511476,0.7742480817536841,0.7737788701909593,0.7744070349066313
290,4.557028794432417,4.556601759648927,4.548589596895348,4.556533440895269,2.134719839799222,2.134619816184823,2.1327422715591653,2.1346038135671144,0.7444843499758029,0.744508294101506,0.7449575414217295,0.744512124779682
291,3.8750907971791846,3.8785747942704334,3.8782169191471483,3.8776786078073893,1.9685250308744322,1.969409757838737,1.9693188972706144,1.969182218030467,0.8070821102896358,0.8069086626462696,0.8069264791355282,0.8069532784785911
292,3.6570750601507793,3.6503673008611015,3.622459912280754,3.6490746508308667,1.9123480489050049,1.9105934420648212,1.9032760998553926,1.9102551271573298,0.8025619742999872,0.8029241125468763,0.804430775553,0.8029939000862877
293,3.9048335072062383,3.9100401064564947,3.943844634009445,3.909441217759363,1.9760651576317614,1.9773821346559433,1.9859115373070988,1.9772306941172453,0.811128152225752,0.8108763156188388,0.8092412334648165,0.81090528310609
294,3.986355269762171,3.984806630585227,3.979455930774619,3.98416662008413,1.9965859034266897,1.996198043928815,1.994857371035488,1.9960377301253927,0.8130597143802828,0.8131323378747957,0.8133832591507912,0.8131623511921691
295,3.620195798013962,3.6081630197735874,3.6179464253380496,3.6089953344531085,1.9026812129240047,1.8995165226376916,1.9020900150460938,1.8997355959325257,0.8062864522745377,0.8069303158366178,0.8064068142619879,0.8068857793975991
296,4.247240782146453,4.247133653666969,4.2830180663441855,4.247306977144664,2.0608834955296365,2.060857504454631,2.06954537672992,2.0608995553264267,0.7867335430072622,0.786738922243438,0.7849370602945923,0.7867302191616261
297,4.109997794010081,4.108042287877019,4.1108168331447885,4.107403311552004,2.0273129492039654,2.026830601672725,2.0275149403012516,2.0266729661077547,0.7844731376448907,0.7845756837099492,0.784430187516035,0.7846091914073622
298,3.352852125452879,3.3517832754626316,3.3527352497943754,3.351692966315599,1.8310794973055864,1.8307876106918113,1.8310475826133998,1.830762946510443,0.8067572819325077,0.8068188854478414,0.8067640180989356,0.8068240904447771
299,3.5917198594772812,3.589053449353875,3.5800823785967864,3.5880035177102156,1.8951833313632962,1.894479730520724,1.8921105619378553,1.89420260735493,0.80687529872715,0.8070186700586293,0.8075010393490651,0.8070751242763778
300,4.095513146951962,4.095718655974681,4.124993511923924,4.096640897900048,2.02373742045552,2.0237881944449327,2.0310080039044465,2.0240160320264384,0.8141798635633766,0.8141705392825671,0.8128422911408907,0.8141286956565672
301,3.9633288488926413,3.9607887929993186,3.9624033577411275,3.9615255250308596,1.9908111032673697,1.9901730560429458,1.9905786489714812,1.9903581398911252,0.801897978976017,0.8020249404836703,0.8019442384903155,0.8019881158572096
302,4.0426436127804966,4.04178243966009,4.03658941642284,4.041251298218829,2.010632639937116,2.010418473766119,2.0091265307149873,2.0102863721914916,0.7487325648670202,0.7487860904265045,0.7491088588311408,0.7488191031183027
303,4.299883568459288,4.298896540780331,4.299750370464327,4.2968179132052065,2.0736160610053367,2.073378050616995,2.0735839434332837,2.0728767240733847,0.7575782653321181,0.7576339126440252,0.757585774858476,0.7577511029108004
304,3.9514667477057364,3.953415203768572,3.9468256384744853,3.9533861795485428,1.9878296576180103,1.9883196935524658,1.986661933614898,1.9883123948586507,0.7778835329425808,0.7777740079979143,0.7781444150027099,0.777775639482531
305,4.26985775778548,4.264757165279799,4.26802536815201,4.259637812871297,2.0663634137744213,2.0651288495587385,2.0659199810621924,2.0638890020714045,0.7792941838845469,0.7795578297705452,0.7793888987608817,0.7798224453421625
306,4.244002860512863,4.245704506720393,4.249531360046988,4.2457529568603745,2.0600977793572963,2.060510739287809,2.0614391477914134,2.060522496082092,0.7861745421814461,0.7860888081960251,0.7858959999695799,0.7860863671342012
307,3.4654373595055783,3.465552139656497,3.4669016972065947,3.4679077197961914,1.8615685213028228,1.8615993499291132,1.8619617872573526,1.8622319189070387,0.8443652490129196,0.8443600941714513,0.8442994847789093,0.8442543037356595
308,4.341518751727575,4.336523648704368,4.340010196720017,4.333085568587615,2.0836311457951417,2.0824321474430727,2.083269112889647,2.0816064874484836,0.7676788976015203,0.7679461929668768,0.7677596226156055,0.7681301697290502
309,3.750133948492159,3.7529860794387453,3.762649631416636,3.759119829983884,1.936526258146829,1.937262522075608,1.9397550441786808,1.9388449731693052,0.8004748147577978,0.8003230676566893,0.7998089201555683,0.7999967225899376
310,4.6309077128882405,4.627852685719871,4.630976590204603,4.6260581441826645,2.1519543937751657,2.151244450479738,2.1519703971487627,2.150827316216405,0.7596303518016405,0.7597889245591268,0.7596267766890861,0.7598820711612012
311,5.072808379577529,5.075389344288483,5.0726931928625625,5.076022007951147,2.2522895860829104,2.2528624778908464,2.252264014910899,2.2530028868048855,0.7824867800309067,0.7823761127431048,0.7824917190373495,0.7823489852231738
312,3.6303562730002183,3.6287033680326726,3.6302306130829365,3.627602706344003,1.9053493834465685,1.9049155802902848,1.9053164076034554,1.9046266579946851,0.8281674983816363,0.8282457338974238,0.8281734461334039,0.8282978305615464
313,4.369198435194475,4.365276384236087,4.368807446185167,4.364295107345388,2.090262767021045,2.089324384636356,2.090169238646758,2.0890895402891156,0.8111740568237935,0.8113435581596534,0.8111909544011292,0.8113859665183378
314,4.802960774863584,4.810949168647831,4.832003804638665,4.809446659076065,2.191565827180097,2.1933876010974056,2.1981819316513964,2.193045065445775,0.7771206023015926,0.7767499042095889,0.7757728725808994,0.776819627541527
315,4.430120780996098,4.429855057905954,4.4299992387064995,4.429612752724897,2.1047852101808626,2.1047220856697337,2.1047563371341824,2.1046645226080325,0.7999893859358504,0.800001382773196,0.7999948733140008,0.8000123223413138
316,4.221350893464643,4.221940497343639,4.221431241058409,4.229573569339929,2.054592634432588,2.054736113797497,2.0546121875084866,2.0565927086664315,0.8057526706285607,0.8057255397451605,0.8057489733984786,0.8053743005595068
317,3.8505006884676414,3.85093800943643,3.8503694932452324,3.8519153337413066,1.9622692701226407,1.962380699414981,1.962235840373229,1.9626296985782383,0.7978679119380916,0.7978449547676543,0.7978747990331463,0.7977936501144568
318,3.376017535494263,3.3825078660795347,3.383333163079205,3.3823857712613763,1.8373942243008883,1.839159554274597,1.8393839085626484,1.8391263608739277,0.8412469608024797,0.840941761053078,0.8409029524848285,0.8409475024105353
319,5.211194964671734,5.211194939959061,5.211004995359711,5.209831456534534,2.282804188858899,2.28280418344611,2.282762579717766,2.282505521687633,0.716600362849457,0.7166003641934027,0.7166106939221691,0.7166745143087583
320,3.8449099665451225,3.837980991740196,3.843507537809957,3.8378890512141113,1.960844197417307,1.9590765660739746,1.9604865563961302,1.9590531006621825,0.777951570872802,0.7783517279595173,0.7780325629117094,0.7783570376415562
321,3.707102533880915,3.7146172161099775,3.708727467017916,3.7135070062001403,1.925383736786232,1.927334225325223,1.925805666991848,1.9270461868362523,0.8091155659978269,0.8087286234056296,0.80903189568137,0.8087857898282808
322,3.720360472631324,3.725788317735043,3.720454987867891,3.723858036771928,1.9288235981113784,1.9302301204092331,1.9288480987024073,1.929730042459807,0.8257156143409501,0.8254613409563376,0.8257111866705504,0.8255517670949553
323,5.055133143465414,5.055942626928909,5.0780679633593655,5.055600737039672,2.2483623247745044,2.248542333808485,2.2534568918351567,2.248466307739494,0.7597128061997975,0.7596743287741095,0.7586226383731094,0.7596905799310507
324,3.8908920610343527,3.8961856862350284,3.8858427391710135,3.8979853109153844,1.9725344258172917,1.9738758031434065,1.971254103146272,1.9743316111827274,0.7994467259727948,0.7991738698131238,0.799706989690067,0.7990811094342687
325,3.6075817755809325,3.598692460092737,3.614980233170373,3.596931538641505,1.8993635185453395,1.8970219977883063,1.901310135977393,1.8965578131555876,0.7991488253746596,0.7996437356964448,0.7987369181776243,0.7997417745390559
326,4.082061397818758,4.082120358701002,4.081382492371474,4.082611029622544,2.02041119523199,2.020425786486849,2.0202431765437234,2.0205472104414053,0.7985725174751153,0.7985696080769167,0.7986060177588671,0.7985453961411219
327,3.7759268567325885,3.7762429902689525,3.7876874046240037,3.777958438991287,1.9431744277682816,1.9432557706768692,1.9461981925343583,1.9436971057732444,0.813717533760142,0.8137019375536874,0.8131373361163136,0.8136173072017687
328,4.340534323207692,4.343502446065746,4.3475753063832405,4.346031387069864,2.083394903326705,2.0841071100271567,2.085084004634643,2.0847137422365365,0.7816200378598733,0.7814707063469526,0.7812657935376746,0.7813434708502117
329,4.217700976696921,4.2171895543620055,4.217637272679283,4.217186566246385,2.053704208667091,2.0535796927224435,2.0536886990679193,2.0535789651840477,0.7999379025708312,0.7999621613377662,0.7999409243022089,0.7999623030758083
330,4.164707032359,4.1647072565765875,4.164746899306324,4.17154729809255,2.0407613854537234,2.0407614403885104,2.040771153095399,2.0424366080964544,0.8156208435555126,0.8156208336289921,0.8156190785732316,0.815318012548191
331,3.952665613917067,3.953640272539019,3.9524574769845744,3.9541320249923806,1.9881311862945732,1.9883762904789977,1.9880788407365977,1.9884999434227753,0.8126442557808595,0.8125980571115786,0.8126541214395555,0.8125747481206671
332,4.268383082977142,4.266368922171599,4.268210951555312,4.265471800166771,2.0660065544371204,2.065519044252945,2.065964896012348,2.0653018665964478,0.7752934899016216,0.7753995242093658,0.7753025516588082,0.7754467526682268
333,4.451821066447577,4.452721490669485,4.4499062147875215,4.453754520606999,2.109933900966468,2.1101472675312225,2.109480081628533,2.1103920300756918,0.7893491718046183,0.789306565620488,0.7894397785657709,0.7892576848122435
334,3.965126231361992,3.981694766970492,3.9674317804919217,3.9781613955114197,1.9912624717404765,1.9954184440789586,1.991841304043051,1.9945328765180632,0.8179227020851165,0.8171618803563803,0.8178168320241668,0.8173241316165568
335,2.9534459441681724,2.9493109828286945,2.95340919857184,2.9443676654505135,1.7185592640837768,1.717355811364871,1.7185485732361014,1.715915984379921,0.8373254904799088,0.8375532423401086,0.8373275144112666,0.8378255180970039
336,4.2760755993695305,4.265428722427253,4.240017217644962,4.26562393023476,2.0678674037204443,2.065291437649237,2.0591302090069394,2.0653386962517213,0.7831824088893526,0.78372225673765,0.7850107422017997,0.7837123587633026
337,4.209397379106882,4.2179160619136,4.221338259984481,4.217972192538782,2.0516815978866902,2.053756573188166,2.05458955998138,2.0537702384976715,0.8031793081026093,0.8027809962082763,0.8026209829494986,0.802778371683317
338,4.346437129125879,4.348809486318653,4.346531352907394,4.3528072572702134,2.0848110535791675,2.0853799381212657,2.0848336511355994,2.0863382413382094,0.79349113916702,0.7933784232190345,0.7934866623863359,0.7931884802610321
339,3.6728655445577107,3.671038940348085,3.6630499314592195,3.669320666977674,1.9164721611747222,1.9159955481023658,1.9139095933348627,1.9155470933855094,0.8071869198439994,0.8072828104176158,0.80770220649748,0.8073730139867582
340,4.273646696358841,4.261719968891318,4.248491917000163,4.263290061569097,2.067280023692688,2.064393365832035,2.061187016502909,2.064773610246193,0.760409422534215,0.7610780626264471,0.7618196579937125,0.7609900395777323
341,4.112329082568824,4.118493029559408,4.149152653621119,4.119567208312131,2.0278878377683576,2.0294070635432924,2.0369468951401553,2.029671699638178,0.8066397101164298,0.8063498834627267,0.8049082785528905,0.8062993759496259
342,3.8772538394233176,3.8754916442235086,3.8771337151069467,3.8736211194412014,1.9690743610700225,1.9686268422998576,1.969043858096347,1.9681517013282288,0.768999636260711,0.7691046249328471,0.7690067930685769,0.7692160677021347
343,3.160566042602648,3.1624630679453776,3.19522361694092,3.163261932524357,1.7777980882548636,1.7783315405023266,1.7875188438002325,1.7785561370179905,0.855083266221181,0.8549962847397443,0.8534941640141399,0.8549596555904221
344,3.776652434280716,3.7789607468076936,3.8016595604086993,3.7800757935209566,1.9433611178267194,1.9439549240678637,1.9497844907601196,1.9442417014149647,0.8203823107277963,0.8202725273231997,0.8191929711503242,0.8202194956721405
345,3.503675682964994,3.502572946138972,3.4864159736613933,3.4981387879003023,1.8718108031969989,1.8715162158364997,1.8671946801716721,1.8703311973819776,0.8161137090029854,0.8161715848463087,0.8170195645143722,0.8164043064181618
346,3.622591385631481,3.619592360476201,3.606926766059267,3.6196265723947816,1.903310638238404,1.9025226307395664,1.8991910820292062,1.902531621917171,0.8255368052189048,0.8256812376028315,0.8262912098107223,0.8256795899644479
347,5.199972326662891,5.19937009615627,5.188775658254779,5.199230303067445,2.280344782409645,2.2802127304609696,2.2778884209404944,2.2801820767358567,0.7562911328502407,0.7563193577917042,0.7568158909070483,0.7563259095218237
348,3.8756432178375286,3.873126697444257,3.8754411930352193,3.868424792240852,1.9686653392177982,1.9680260916573888,1.9686140284563705,1.9668311549903952,0.81354169009988,0.8136627606197873,0.8135514095712244,0.8138889706314577
349,4.474624979173723,4.477019787039684,4.4746382922604315,4.477794698414388,2.1153309384523555,2.115896922593273,2.1153340852594495,2.1160800311931465,0.8031387779244324,0.803033418300928,0.8031381922148967,0.8029993260583526
350,4.878889396003747,4.876919913696588,4.87888565602489,4.875172249556249,2.208820815730363,2.2083749486209507,2.2088199691294195,2.2079792230807445,0.7438435596081496,0.7439469633823016,0.7438437559683443,0.7440387210322201
351,3.5029702149480713,3.503499432543981,3.5025508516729884,3.503535344770971,1.8716223483780245,1.8717637224136976,1.8715103130020385,1.8717733155408993,0.8107482785550616,0.8107196870070611,0.810770935105603,0.8107177468104959
352,3.5356143822366692,3.5259889762904444,3.5144145938803955,3.5277529046279263,1.8803229462612716,1.8777616931576926,1.8746771972476743,1.8782313235136736,0.7952923860096393,0.7958496848753867,0.7965198270205474,0.7957475556491254
353,5.107706848223819,5.112169199161591,5.107746656581775,5.114945312989703,2.260023638863943,2.2610106587899117,2.260032445913504,2.2616244854063865,0.7447846110353158,0.7445616419683505,0.7447826219419982,0.744422928649144
354,3.5244280977160685,3.5259429006141514,3.529739382291132,3.526527355975295,1.8773460250353604,1.877749424341318,1.8787600651203793,1.8779050444512084,0.8250860252422335,0.8250108470321716,0.8248224313000856,0.8249818410750485
355,4.150147887103878,4.147779515139619,4.1501169579416315,4.148570981479076,2.0371911758850416,2.036609809251546,2.0371835847418445,2.036804109746216,0.7884069692607614,0.7885277194160492,0.788408546167261,0.7884873669355956
356,3.374529488082345,3.381328463248633,3.4187330652029657,3.38004653063937,1.8369892454999144,1.8388388899652501,1.8489816292226826,1.8384902857070988,0.828935384535717,0.8285907249093958,0.8266945779435714,0.8286557097642117
357,4.230933886744859,4.230933728305149,4.230820038817525,4.226062195147507,2.0569234032274655,2.056923364713705,2.056895728717799,2.0557388441014357,0.765297399855334,0.7652974086444602,0.765303715341532,0.7655676472086627
358,3.6910209637306224,3.690719705149148,3.690897006110134,3.6901670614106177,1.9212029990947397,1.9211245938640076,1.9211707384066972,1.9209807550859581,0.7812083322679272,0.7812261898927164,0.78121568007082,0.7812589488085835
359,4.160416795136116,4.160095656382771,4.163135656993106,4.155071776911538,2.0397099781920263,2.039631255002426,2.0403763518020654,2.038399317334937,0.784476855409189,0.7844934914428796,0.784336009506968,0.7847537447672464
360,3.8911963166955186,3.8890137117552697,3.8684514908469736,3.8868212326207496,1.97261154733909,1.9720582424855686,1.966837942192232,1.9715022781170581,0.7901857322690823,0.7903034188672422,0.7914121389038759,0.7904216378843991
361,4.2137782737439995,4.214470559031471,4.213235313851219,4.215572727688739,2.052748955363027,2.0529175723909305,2.052616699204023,2.053185994421533,0.7885024985040495,0.7884677513960835,0.7885297506880221,0.7884124314665343
362,3.9763107132169093,3.980369710593874,4.006096811222125,3.9801896123443377,1.9940688837692917,1.9950863917619894,2.0015236224491892,1.9950412558000743,0.8053445714085844,0.8051458681554814,0.8038864294042387,0.8051546846450569
363,3.64073275700058,3.645637368822612,3.6473680416562306,3.649218533114884,1.9080704276835747,1.9093552233208497,1.9098083782558475,1.9102927872749988,0.8030363815671643,0.802771042099548,0.8026774127105252,0.8025773011346689
364,3.763861066167301,3.7584662827017823,3.752594856848444,3.757800489849595,1.9400672839278799,1.938676425477388,1.9371615463993817,1.938504704624055,0.7862971681058162,0.7866034707253258,0.78693683593463,0.786641272816175
365,4.363067597337689,4.356933320614027,4.362708271157806,4.355691154573151,2.088795728963866,2.087326836078631,2.0887097144308506,2.0870292653849276,0.7620741984799343,0.7624087114512927,0.7620937931727618,0.7624764489649349
366,3.8112105295359706,3.8052654539462676,3.8109962148160617,3.804290974659863,1.9522321915018128,1.95070896187675,1.952177301070797,1.950459170210918,0.8035259869698703,0.8038324651478204,0.8035370352372766,0.8038827011173453
367,3.451075260551629,3.448683708445327,3.4458423672405023,3.448317172249223,1.8577069899614496,1.8570631945212115,1.8562980275916101,1.8569645048436503,0.8315052536531948,0.8316220184105829,0.8317607435989508,0.8316399141151755
368,4.990956885310301,5.000479595362656,4.9869621405757245,5.002055923306037,2.2340449604496104,2.236175215711563,2.2331507205237457,2.236527648679094,0.7892609107251393,0.7888588220495651,0.7894295855677788,0.7887922628860982
369,3.5965250651873704,3.5960809095872452,3.5952295090274013,3.596201615646197,1.8964506492886575,1.8963335438649092,1.8961090446035538,1.8963653697655938,0.8147743937487285,0.8147972683259418,0.8148411165355334,0.8147910518106827
370,3.5874827685614097,3.593515350477966,3.589845901995806,3.594001828585697,1.894065143695277,1.8956569706774393,1.8946888668052615,1.8957852801901636,0.8102697804002997,0.8099507368910704,0.8101448020089383,0.8099250086564935
371,3.678948959309538,3.6842909759144287,3.6789515663133123,3.687858107654104,1.9180586433447593,1.9194506964010378,1.9180593229390253,1.9203796779944595,0.8406127230152077,0.8403812847730145,0.8406126100690274,0.8402267418802152
372,4.2146316019732515,4.213837311856767,4.210270084090892,4.213809993048169,2.0529567949601986,2.0527633355690975,2.0518942672786267,2.0527566814038556,0.7932391098379106,0.7932780760269018,0.7934530766575473,0.793279416229728
373,4.230774559974523,4.236006992855585,4.228989374094185,4.23448549991079,2.056884673474554,2.058156211966328,2.0564506738782202,2.057786553535325,0.7746554655289528,0.7743767694805062,0.7747505502174529,0.7744578090429989
374,4.127543699552017,4.123600514309469,4.1150794666125785,4.123103870704409,2.0316357201900193,2.0306650423714565,2.0285658644994937,2.03054275273987,0.7781000638508179,0.7783120525339761,0.7787701506372304,0.7783387524776408
375,3.5524721926955696,3.5524722930219665,3.5581298087457505,3.5569489813850774,1.8848003057872125,1.884800332401808,1.8863005616141215,1.8859875347904815,0.8301797226888646,0.830179717892921,0.829909269361028,0.8299657169330198
376,3.334935942824515,3.33020280731604,3.3347828614699435,3.3289920795308094,1.8261806982948088,1.8248843271057045,1.826138784832616,1.8245525696813478,0.828641778901539,0.8288849804786773,0.8286496446444056,0.8289471910167712
377,4.794750020855671,4.8004461200735555,4.900091127757421,4.806236571420216,2.1896917638918203,2.1909920401666354,2.2136149456844163,2.192313064190472,0.7971379833186432,0.796896985942444,0.7926810858177132,0.7966519966035692
378,4.961074796395403,4.964621857537847,4.954378428427697,4.9667385405361655,2.227347030975506,2.228143141168863,2.2258433072495687,2.2286180786613405,0.7448204802413416,0.7446380324057353,0.7451649168870798,0.7445291579837281
379,3.4353922255966967,3.4345524412447443,3.4545946223867063,3.4340821565708453,1.8534811101267519,1.8532545538173497,1.8586539813495966,1.853127668718711,0.8275998245450362,0.8276419679045461,0.8266361801171636,0.8276655684587099
380,3.6365173415471803,3.631252227618125,3.619589190293465,3.629256166384706,1.9069654799044424,1.9055844845133803,1.9025217975869462,1.9050606726256005,0.7912995056324439,0.7916016716271832,0.7922710157899826,0.7917162260007986
381,4.92729117793337,4.930466892931278,4.927287926921466,4.933771793925569,2.219750251252012,2.2204654676286406,2.2197495189596204,2.2212095339984406,0.7341622444617943,0.7339909079369602,0.734162419860746,0.7338126015550412
382,4.54312367205894,4.54445868180639,4.594744029873051,4.551314935894084,2.131460455194733,2.1317736000350482,2.1435354043899184,2.133381104231985,0.8059166982597528,0.8058596663323073,0.803711464547276,0.8055667655602914
383,5.1233385529703135,5.118005596703933,5.123184148006051,5.110395528381253,2.263479302527486,2.262300951841716,2.2634451943897496,2.260618395125823,0.7319486377424247,0.7322276562334504,0.7319567161585946,0.7326258124668668
384,5.1053669192571425,5.10321363450096,5.081292722675355,5.1034751876444515,2.2595059015760817,2.259029356715171,2.2541722921452467,2.259087246576469,0.7189077251103202,0.7190262810770456,0.7202332068612578,0.7190118804337086
385,3.797406793688691,3.800333614593842,3.794186726046355,3.799723247764734,1.9486936120613447,1.9494444374215547,1.947867224953065,1.9492878822187178,0.8123926988754027,0.8122481020490097,0.8125517832802711,0.8122782566465354
386,5.3247574663418025,5.3232896802591,5.323331905331414,5.320699973488207,2.307543600095522,2.3072255373628083,2.3072346879611993,2.306664252440785,0.7514503036078889,0.7515188171106222,0.7515168461234044,0.7516396997678547
387,4.369421588495199,4.365931290870819,4.362733875185871,4.365472280815416,2.090316145585447,2.0894811056505915,2.088715843571325,2.089371264475372,0.7795453554886906,0.779721454843362,0.7798827771428709,0.7797446137206966
388,3.7600797367606096,3.7607465138861835,3.7601548777785023,3.7620923720581323,1.9390925034047781,1.939264425983776,1.9391118786131196,1.9396113971767985,0.7876844237806377,0.787646773736081,0.7876801808896279,0.7875707788973297
389,3.3907518561053416,3.397170829907687,3.3910666129088094,3.3984874698379346,1.8413994287240727,1.8431415653464296,1.8414848934783064,1.8434987035086123,0.8354991985573357,0.835187784929994,0.8354839282725648,0.8351239087358846
390,4.722051713097275,4.7195450408698205,4.793553824525723,4.719983299157736,2.173028235687994,2.172451389759923,2.189418604224812,2.172552254643772,0.7549576222190628,0.7550877014643259,0.7512471487923981,0.7550649588389846
391,3.9840820359569866,3.9791029144660985,3.9807024960946613,3.979765695307949,1.9960165420048468,1.9947688874819807,1.995169791294631,1.994935010296814,0.8065876918951022,0.8068294096537215,0.8067517559377613,0.8067972341183703
392,3.6113438556345017,3.6115832171905966,3.597716505891021,3.612283678474737,1.9003536133137173,1.9004165904323707,1.8967647471130997,1.9006008730069386,0.8100335379905839,0.8100209469248283,0.8107503734736673,0.8099841007652705
393,4.142896614979059,4.138494009309415,4.127130097659326,4.138991040729736,2.0354106747727987,2.0343288842538256,2.031533927272524,2.0344510416153385,0.8008154031667924,0.8010270742068453,0.8015734349710234,0.8010031776406813
394,3.3999055858933107,3.399591580462208,3.3998917836249145,3.399213524271389,1.8438832896616073,1.8437981398358683,1.8438795469403402,1.8436956159494953,0.8223856961810573,0.8224021001236468,0.8223864172246952,0.822421850138887
395,5.6873927450905075,5.687358702555169,5.706490694719112,5.686507088670946,2.3848255166972923,2.384818379364594,2.3888262169356547,2.3846398236779796,0.7696342834707981,0.7696356623509629,0.7688607281621324,0.7696701566529108
396,4.898409498546747,4.901449101793476,4.898362078626682,4.901353030857674,2.2132350753019314,2.2139216566521673,2.2132243624690835,2.2138999595414592,0.749850506115548,0.7496952811973363,0.7498529277319947,0.7497001872991997
397,4.032452079352563,4.029721490386176,4.017549809200696,4.027620617493967,2.0080966309798347,2.0074166210296696,2.0043826503940547,2.0068932750632174,0.7876621489755395,0.7878059342907135,0.7884468615913784,0.7879165604869903
398,4.053970926040046,4.0528852743523975,4.053738005940494,4.046402118148752,2.013447522544366,2.0131779042976796,2.013389680598491,2.011567080201093,0.7738078029341376,0.77386837710819,0.7738207987621837,0.7742301062306671
399,3.139641898588036,3.139897771590955,3.129988954700646,3.142816216749729,1.7719034676268446,1.7719756690177648,1.7691774797065007,1.7727989780992455,0.828457552475713,0.8284435721930585,0.8289849660068556,0.8282841154009554
400,3.7876944330787348,3.7900203081138013,3.799724697470769,3.7904280314391343,1.9461999982218514,1.9467974491748754,1.9492882540739758,1.9469021627804348,0.8278130293650017,0.8277072960796379,0.8272661386856712,0.827688761151468
401,3.6399910551340326,3.6424109687837656,3.6400494605886844,3.644684988757258,1.9078760586406112,1.9085101437466256,1.907891364986142,1.9091058086856418,0.835131522670922,0.8350219159513845,0.8351288772747575,0.8349189172888145
402,5.2743364459806426,5.271288688431786,5.274249333965984,5.269798672358221,2.2965923552038228,2.2959287202419385,2.296573389632037,2.295604206381889,0.7596473271697155,0.7597862141520892,0.7596512968833986,0.7598541145125439
403,3.82896825510974,3.8309631827680874,3.828963546758532,3.831326351023061,1.9567749628175797,1.9572846453104584,1.9567737597276114,1.957377416601883,0.8106326566583727,0.8105339945317499,0.8106328895169133,0.8105160335033349
404,3.9266552681428992,3.9147476477716086,3.9131126839034915,3.9116857144941104,1.9815789835741848,1.9785721234697533,1.9781589127022863,1.9777981986274815,0.791094598951433,0.7917281066161828,0.7918150897504904,0.791891007190753
405,3.8834484804621083,3.886026460936837,3.9000580272041945,3.8873071985972305,1.970646716299527,1.9713007028195462,1.9748564573670144,1.971625521897409,0.8197972021200745,0.8196775766643067,0.8190264730092083,0.8196181468789202
406,4.995422321275921,4.9944388164613365,4.995435134773487,4.993339351322855,2.235044143026245,2.2348241130928708,2.2350470095220563,2.2345781148402164,0.7609283590391059,0.7609754277541803,0.7609277458088939,0.7610280461151377
407,4.012286613162482,4.003738460113063,4.012210534102106,4.0040034407560015,2.003069298142848,2.000934396753942,2.0030503074316695,2.0010006098839654,0.7736991147685724,0.7741812474746038,0.7737034057777576,0.7741663020432706
408,2.8133136166151407,2.8132437486789916,2.812338605584078,2.8034717775509987,1.6772935391919748,1.6772727114810495,1.6770028639164807,1.674357123660003,0.8406297467122192,0.8406337046323796,0.8406849797136383,0.8411872730310791
409,3.5989632390473365,3.5995051401586684,3.598938996859812,3.604288902471171,1.8970933659278175,1.8972361846008179,1.897086976619631,1.8984964847139356,0.832037483300344,0.8320121929407553,0.832038614675842,0.8317889362126556
410,3.9097313136596283,3.906615082969841,3.9076027601697705,3.9064548900717138,1.9773040518998661,1.9765158949449007,1.9767657322428904,1.9764753704692892,0.7934399828311862,0.7936046204016851,0.7935524391638946,0.793613083757638
411,3.943220638170188,3.9446442004939475,3.9432384537743275,3.9526321189707185,1.985754425443939,1.9861128367980374,1.9857589112916822,1.9881227625503206,0.8069869559859357,0.8069172753561498,0.8069860839464782,0.8065262821549037
412,3.9172521431636382,3.92340428210094,4.0020895774910965,3.92370676153426,1.9792049270259102,1.980758511808277,2.000522326166618,1.9808348647815799,0.8188117304581062,0.8185271699122715,0.8148876665080762,0.8185131790525841
413,4.496239882632484,4.494140127388316,4.495497792581582,4.494423936985203,2.120433890182027,2.1199387084036925,2.1202588975362375,2.120005645507861,0.7340297758079994,0.7341539845663437,0.734073673345133,0.734137196115531
414,4.633478748294035,4.635118022918704,4.633391267220379,4.6364557519691045,2.1525516830715206,2.1529324241412464,2.152531362656623,2.153243077771087,0.7884632113388785,0.7883883719128935,0.788467205198869,0.7883272992452948
415,4.381364114594184,4.373776496253297,4.379843031557957,4.366302585569781,2.093170827857627,2.0913575725478646,2.0928074520982474,2.089569952303531,0.7680220129650194,0.7684237509587291,0.7681025490199165,0.7688194685275717
416,4.028128933763098,4.013830920848449,4.018488208496431,4.0189460532708985,2.0070199136438824,2.0034547463939507,2.0046167235899315,2.0047309179216293,0.7822339507318594,0.7830069204743892,0.7827551412617366,0.7827303895595559
417,4.1834513978806305,4.1834509304123,4.183222835185957,4.1671843221892315,2.045348722805143,2.0453486085291916,2.0452928482703783,2.0413682475705435,0.769285873740512,0.7692858995210309,0.7692984787972899,0.770182990450614
418,3.4532796516982596,3.455884086676557,3.4535197446526067,3.457664879092334,1.8583002049449007,1.8590008301979204,1.8583648039748835,1.8594797334449047,0.815629212160793,0.8154901612360905,0.8156163935849426,0.8153950846324586
419,4.813311642593476,4.8134726818788485,4.811598801343109,4.813387432974752,2.19392607956455,2.1939627804224138,2.193535684994231,2.1939433522711456,0.7650112141783667,0.7650033521430469,0.7650948361242568,0.7650075140461094
420,3.8748211341682244,3.876892955363483,3.873470715804308,3.879264495364573,1.968456536011965,1.968982720940812,1.968113491596536,1.9695848535578693,0.8070216225160843,0.8069184392519144,0.8070888776320676,0.8068003290409649
421,4.778096330898099,4.778846241885908,4.796452705238802,4.781094849521724,2.1858857085625725,2.1860572366445274,2.1900805248298068,2.1865714828291627,0.7663828393129137,0.766346173648681,0.7654853345836237,0.7662362316770256
422,3.78361675598697,3.7822462217544035,3.7836520687278212,3.781314911875479,1.9451521164132561,1.9447997896324454,1.945161193507577,1.9445603389649495,0.8059030535728539,0.8059733610396695,0.8059012420534503,0.8060211365981721
423,3.8353631521996796,3.83250308732156,3.8351746023752686,3.8307585689342067,1.9584083211117338,1.9576779835615357,1.9583601819826884,1.9572323747920701,0.7988858622567278,0.7990358348822725,0.7988957492045482,0.7991273118291292
424,3.3374406908582146,3.3399307091273145,3.3730191259744995,3.341560365989263,1.8268663582370261,1.827547731012056,1.8365781023344745,1.8279935355436199,0.8127504348744246,0.8126107305676721,0.8107542805991976,0.8125192974705867
425,3.3628779566948834,3.3656660751045617,3.3714796025689977,3.370125405893167,1.8338151370012419,1.834575175648183,1.8361589262830704,1.835790131222294,0.8251349882334704,0.8249900099247738,0.8246877145213828,0.8247581308792473
426,3.139571827376047,3.14347711131205,3.1390294791173416,3.143580638413601,1.7718836946526844,1.772985366919888,1.7717306451933774,1.7730145623805804,0.8275816413369654,0.8273671717585065,0.8276114259068785,0.8273614862784767
427,3.8493673880659025,3.8559895797083117,3.8571176304553334,3.859398794576482,1.9619804759645043,1.9636673801100613,1.9639545897131465,1.9645352617289622,0.827137721902367,0.8268403413154022,0.8267896843106839,0.8266872448220762
428,4.872996310017038,4.8786843477980115,4.873064548565628,4.878931845111282,2.2074864235181693,2.2087743994799496,2.2075018796290133,2.2088304247069948,0.7529159327877445,0.752627522245243,0.7529124727690921,0.752614972955464
429,3.933511078029603,3.9352134175677147,3.932270640546561,3.93600051659381,1.9833081147490934,1.983737235010654,1.9829953707829377,1.983935613016161,0.7975168368069867,0.7974292064208844,0.7975806901177636,0.7973886893618528
430,4.41858147479284,4.419304438845651,4.418607531418825,4.419625603273313,2.102042215273718,2.1022141753031853,2.102048413195763,2.102290561095995,0.769603513339931,0.7695658160882906,0.7696021546787599,0.7695490697283568
431,4.4291681559399425,4.4315738773453965,4.429205395598517,4.433632163910026,2.1045588981874426,2.1051303706291913,2.104567745547412,2.1056191877711474,0.7921157198665509,0.7920028066410949,0.7921139720124748,0.7919062003697293
432,4.616587882913606,4.619237566726339,4.6165328469226745,4.6194373976989995,2.1486246491450305,2.14924116067191,2.148611841846422,2.1492876488964896,0.7760214235252431,0.7758928713513138,0.7760240936537484,0.7758831763432412
433,4.907663393759713,4.9073907749578805,4.880007277506016,4.907436671409688,2.215324670056223,2.215263138987755,2.2090738506229295,2.2152734981057502,0.7467225521160199,0.7467366215802096,0.7481498444914558,0.7467342529303557
434,3.8278516890583463,3.8230296744252104,3.835588699524169,3.8203449767590367,1.9564896342833882,1.9552569330973386,1.9584659046110986,1.9545702793092492,0.7990506360923607,0.7993037756735132,0.7986444690153818,0.7994447132886888
435,4.599140616770994,4.595057101999008,4.558739292363419,4.594095309614871,2.1445607048463313,2.143608430194052,2.1351204397793158,2.14338407888434,0.7807448186918311,0.7809394924029243,0.7826708741109176,0.78098534400459
436,4.195695911488265,4.199131203125447,4.195668714815165,4.199736994675663,2.04833979395223,2.049178177495907,2.0483331552301656,2.0493259854585517,0.789625485253583,0.7894532378299302,0.7896268489098219,0.7894228631063795
437,4.9843266684117395,4.987966620962998,4.984154422902595,4.989133370594212,2.2325605632125054,2.233375611258213,2.2325219871039557,2.233636803644275,0.7848341510471173,0.784677019796912,0.7848415866254148,0.7846266529787604
438,3.8895645760037527,3.8966306561725816,3.9116470707872266,3.8964782648736795,1.97219790487764,1.9739885147012841,1.977788429227764,1.9739499144795136,0.784574719927597,0.7841833619054741,0.7833516710411546,0.7841918021659725
439,2.8114022293737846,2.811570351292938,2.811323591080335,2.811592619126873,1.676723659215729,1.6767737925232902,1.676700209065513,1.6767804325930313,0.833711705413326,0.8337017613694155,0.8337163566964366,0.8337004442757281
440,6.462804111236433,6.4380409598128345,6.517871535677123,6.453465428223211,2.5422045769836132,2.537329493741961,2.5530122474592876,2.540367183740022,0.673460896977164,0.6747120779064795,0.6706785648697469,0.6739327424984061
441,3.8799696019831313,3.8831884902866203,3.8907975413593734,3.883452696095504,1.969763844216644,1.9705807494966097,1.9725104667299926,1.9706477859058182,0.8066376750300565,0.80647725837992,0.8060980533971052,0.8064640914083412
442,4.238777842156756,4.235834316501499,4.238527618497723,4.232698840059787,2.058829240650316,2.0581142622559856,2.0587684713191337,2.0573523859708107,0.7975612853817378,0.7977018644760628,0.7975732357499306,0.7978516108992567
443,4.004520755016282,4.004468880225641,4.042653311655999,4.0045919322577825,2.0011298696027406,2.0011169081854367,2.0106350518321316,2.0011476537871418,0.7803514257823017,0.7803542711224807,0.7782598492342971,0.7803475216997487
444,4.279036678412671,4.275213066463109,4.277971032121247,4.275450913000753,2.0685832539234847,2.0676588370577744,2.0683256591072032,2.067716352162635,0.7838421939363007,0.7840353457207727,0.7838960256235953,0.7840233307768447
445,3.185725716946418,3.1853584371114905,3.1856180582253684,3.18480803223851,1.784860139323644,1.7847572487908518,1.7848299802012988,1.7846030461249667,0.8187389026067151,0.8187598000573573,0.818745028161661,0.8187911169377643
446,3.664114468906107,3.6532267078406537,3.6523484495809893,3.655991659442036,1.9141876786005354,1.9113415989405593,1.911111835969049,1.912064763401605,0.816348028090017,0.8168937421517156,0.8169377620268048,0.8167551578312369
447,3.9591071905099398,3.959179603064131,3.942562056236686,3.9604197939848502,1.9897505347429711,1.9897687310499506,1.9855885918882306,1.990080348625364,0.8017735826436662,0.8017699570582758,0.8026019721097377,0.8017078626033337
448,3.7598085790244884,3.7570918256192667,3.759747567172001,3.7567666278063894,1.9390225834230215,1.9383219096990227,1.9390068507284859,1.93823802145309,0.8262204375065761,0.8263460067232634,0.8262232574940328,0.8263610374708288
449,4.56463819894911,4.578916833633613,4.601897924881992,4.5746803124115685,2.13650139221792,2.139840375736848,2.1452034693431745,2.138850231412094,0.782234672254436,0.7815534810129163,0.7804571214221812,0.7817555928544708
450,4.073235848225073,4.060679361440834,4.073090978932387,4.064333565733082,2.018225916052282,2.0151127416203876,2.0181900254763887,2.016019237441221,0.7844915995810922,0.7851559432338004,0.7844992643838926,0.7849626051234699
451,3.629778917831258,3.6325374155089336,3.629799964131253,3.6357533498121946,1.905197868419776,1.9059216708744706,1.9052033918013196,1.9067651532929257,0.8345679330664857,0.8344422108165142,0.8345669738529942,0.8342956402757307
452,4.187949152405181,4.190596473972563,4.2135991161392425,4.1975048298620825,2.0464479354249843,2.047094642163025,2.052705316439562,2.048781303570999,0.8023049706237848,0.802180001982575,0.8010941463875373,0.8018538882761238
453,3.7635313081974937,3.7617335522700297,3.766093971132343,3.7621601593139333,1.9399822958464064,1.939518897115991,1.940642669615492,1.9396288715406185,0.7860860229606368,0.7861882049510861,0.7859403647010625,0.7861639571896297
454,3.292855404939778,3.291451125264701,3.27251791147809,3.285700393422292,1.8146226618610763,1.8142356862504665,1.8090102021487027,1.8126501023149206,0.8347095295890449,0.8347800197926942,0.835730404619336,0.8350686875459193
455,4.408366954361749,4.416144506386807,4.443834608017842,4.416423602659889,2.0996111436077274,2.1014624684697103,2.1080404664089922,2.1015288726686316,0.7886471031521692,0.7882742194589789,0.7869466568367385,0.7882608385842863
456,4.479860136429865,4.474176013791477,4.470939908213351,4.473202248308231,2.1165680089309356,2.1152248140071253,2.114459720168098,2.1149946213426243,0.7932532514202542,0.7935155752067623,0.7936649223484058,0.793560514745366
457,3.2524269750171544,3.2535002364181063,3.2739708506344005,3.2533979336612457,1.8034486338726574,1.8037461674021946,1.8094117415984678,1.8037178087664505,0.8282008546115165,0.828144162980043,0.8270628676719699,0.8281495667988942
458,3.543464867955385,3.536997863394847,3.516081823891246,3.5364850229256777,1.8824093252944178,1.8806907942016537,1.8751218157472453,1.8805544456158874,0.8168866900425725,0.8172208811957851,0.8183017456511774,0.8172473829163577
459,3.7497342405916805,3.7477898728810835,3.743743337566352,3.7471154940826046,1.9364230531037583,1.9359209366296661,1.9348755354198761,1.9357467536024966,0.7894003301095837,0.7895095333681945,0.7897368025416354,0.7895474091063743
460,3.922777614208388,3.9167417915219827,3.897866303279743,3.9171984757336276,1.9806003166233181,1.9790759943776748,1.9743014722376477,1.9791913691539855,0.8088122478787667,0.8091064209074483,0.810026371646984,0.8090841631002412
461,4.037237330069405,4.032819539886993,4.036745118750332,4.028261239509952,2.009287766864021,2.008188123629605,2.0091652791023273,2.007052874119153,0.7882869593516363,0.7885186286135593,0.7883127709516198,0.7887576662410537
462,4.595059908094289,4.595362009671083,4.594188908051669,4.596120384020919,2.1436090847200404,2.143679549202978,2.143405913039261,2.143856428033584,0.776478816995338,0.7764641216261408,0.7765211857486987,0.7764272314146472
463,4.829345529065269,4.827992332263686,4.826156328297047,4.82879642130507,2.1975771952459984,2.197269289883169,2.1968514579500016,2.1974522568886607,0.7419474178709232,0.7420197249623657,0.7421178305051435,0.7419767590465616
464,4.895888296130376,4.895604113312015,4.859053838738426,4.894820453428947,2.2126654279692572,2.2126012097330183,2.204326164327418,2.2124241124678035,0.7729657200389479,0.7729788982892759,0.7746738236569057,0.7730152385091758
465,3.2305551552275245,3.230285837652493,3.230643284981204,3.230000293912915,1.7973745172410576,1.7972995959640377,1.7973990333204266,1.7972201573299011,0.8472537259615038,0.8472664597654919,0.847249559033264,0.8472799607707989
466,4.2114687574964345,4.2089407058183586,4.21139692078336,4.206991166665052,2.0521863359589045,2.0515703024313736,2.052168833401229,2.0510951139976545,0.7985694220241427,0.7986903363511839,0.7985728579063652,0.7987835809698786
467,3.8665675969053592,3.8633911601899853,3.8514937874017856,3.8603137324902983,1.9663589694929458,1.965551108516384,1.9625223023960225,1.9647681116331002,0.762678028446679,0.7628729916032548,0.7636032278905139,0.7630618777899563
468,3.5703453060848127,3.562909057859761,3.559146626472503,3.559795984096704,1.8895357382396376,1.8875669677814775,1.8865700693248855,1.886742161530479,0.8201847731416236,0.8205592889228519,0.8207487782846472,0.8207160743362899
469,3.279952069125969,3.2796694949773197,3.279293432076795,3.2758292424668514,1.811063794880227,1.810985779893735,1.8108819486859973,1.809925203555896,0.8374271640312986,0.837441169992285,0.8374598097805966,0.8376315144632727
470,4.7272558723608045,4.736993658326531,4.727328304580702,4.739300479076084,2.174225349948989,2.1764635669651193,2.174242006902797,2.1769934494793692,0.7958134751957402,0.7953928665531544,0.7958103465977409,0.7952932269895439
471,4.785220614921158,4.786692946046632,4.779764823731754,4.78647296959241,2.187514711932507,2.1878512166156616,2.186267326685315,2.1878009437772006,0.7721903850197527,0.7721202918696539,0.7724501184344243,0.7721307642711112
472,3.3679954980296642,3.373782616284076,3.373318456222705,3.3734486480703634,1.8352099329585332,1.8367859473232246,1.836659591819536,1.836695034040862,0.8342119392398258,0.8339270709514478,0.8339499190213167,0.8339435103862806
473,3.435150216559219,3.4373017304182283,3.4354487358046195,3.4383292195123127,1.8534158239745389,1.8539961516729824,1.8534963544082355,1.8542732321619466,0.834255190906034,0.8341513811069441,0.8342407874557565,0.8341018051137534
474,4.457536236038083,4.4677495917227406,4.523372273263756,4.463832652788735,2.1112878145904417,2.1137051808903577,2.126822106633217,2.11277842018247,0.7901675851230621,0.7896868053887366,0.7870684438159643,0.7898711899258275
475,3.851263351503714,3.8511209396963464,3.842487004211257,3.8509346825904474,1.9624635924020895,1.9624273081305066,1.9602262635245087,1.9623798517591968,0.8223201431537459,0.8223267133898572,0.8227250440883828,0.8223353064495605
476,3.794201237161462,3.790089060504703,3.793992934769783,3.7872828998664736,1.947870949822257,1.946815106913007,1.9478174798398804,1.9460942679804782,0.8225949626042607,0.8227872351823267,0.8226047021755896,0.8229184425173746
477,3.602872659302525,3.6031268922167525,3.602978821965279,3.6050561864772304,1.898123457339518,1.8981904256993691,1.8981514222962506,1.8986985507123637,0.8246750636961176,0.8246626920766605,0.8246698975512534,0.8245688077167856
478,3.8742194225801647,3.87558953593026,3.8822557669684192,3.8776518403123714,1.9683036916543557,1.9686517050840304,1.970344073244168,1.9691754214168862,0.8071169196208035,0.8070487067359331,0.8067168197060799,0.806946032215336
479,3.156966163403355,3.1579605732409792,3.1569171419975124,3.1630065708788235,1.7767853453367277,1.7770651572862992,1.7767715503118324,1.7784843465374733,0.8305695690209198,0.8305162002869397,0.8305721999385443,0.8302453878961038
480,4.2007459981422395,4.194899997468365,4.19542571815424,4.192974070658703,2.0495721500211306,2.048145502025763,2.0482738386637274,2.047675284477181,0.7419581978507124,0.7423173037214125,0.7422850099542411,0.7424356088093641
481,4.4795856739236415,4.469514909855818,4.479114248553015,4.472419433375123,2.116503171252914,2.114122728191487,2.1163917993965615,2.1148095501427835,0.7583787953826474,0.7589219952057135,0.7584042232624179,0.7587653301650917
482,4.570067838284961,4.56892240988788,4.569938523745776,4.568130237146121,2.1377716992899316,2.1375037800873895,2.1377414539054476,2.137318468816971,0.7889329935515375,0.7889858947668866,0.7889389658989165,0.7890224809916669
483,4.9406766498433745,4.939006282590228,4.950403444164973,4.939570268014777,2.2227632914557893,2.2223875185462654,2.2249502116148516,2.2225144022063787,0.753835750560242,0.7539189749301616,0.7533511228071372,0.7538908749231041
484,4.736272983647541,4.739908771376118,4.735904953023053,4.7416872109415165,2.176297999734306,2.1771331542595456,2.176213443810844,2.1775415520585404,0.778125346486206,0.7779550249812351,0.7781425871874013,0.7778717124982489
485,3.393543069527857,3.3935697038563513,3.419252487471502,3.395698194583914,1.8421571782906736,1.842164407390489,1.8491220856048154,1.8427420314802379,0.8339708373448774,0.8339695342598223,0.832713003556981,0.833865397808339
486,2.88630294038482,2.8876389773009588,2.9000235374154477,2.888548155918185,1.6989122815451125,1.6993054396726206,1.7029455474017505,1.6995729333918521,0.8555546421123679,0.8554877799934257,0.8548679932783904,0.8554422800464481
487,3.989777118274531,3.9913980700654776,3.997785025818278,3.991774558584576,1.997442644551911,1.9978483601278345,1.9994461797753593,1.9979425814033234,0.819730759879419,0.8196575207638084,0.8193689403178062,0.8196405099641472
488,3.9270098804450218,3.9288710003085354,3.9269832343256326,3.9287840072438303,1.9816684587601987,1.9821379872018334,1.981661735596071,1.9821160428299425,0.8171148146069305,0.8170281402002852,0.8171160555461267,0.8170321915633454
489,4.313967658369788,4.31728839132687,4.351317909706972,4.3169416619184116,2.077009306279052,2.0778085550230245,2.0859812822043664,2.077725117025448,0.796876721546467,0.7967203647495396,0.7951180839989758,0.7967366905126791
490,4.177744277450384,4.1727745137208645,4.171401041208672,4.1727446610424375,2.043953100599518,2.0427370153107973,2.0424008032726273,2.042729708268433,0.7823930187086641,0.7826518797616847,0.7827234200924029,0.7826534347039704
491,4.602127750255092,4.601589123348238,4.602097315301277,4.58749591363624,2.1452570359411696,2.1451314932535577,2.1452499423846345,2.141844045124724,0.7814996435961342,0.7815252165870425,0.78150108859041,0.7821943356363291
492,3.000751593406314,2.9988021403570952,3.000779058799107,2.9984804663951126,1.7322677603091023,1.7317049807507903,1.7322756878739327,1.7316121004414102,0.8270753181238161,0.8271876594949277,0.8270737353722408,0.827206196639977
493,4.271975955189429,4.270827892866334,4.283593816999007,4.269297787657414,2.0668758925463884,2.066598144987635,2.0696844728119808,2.0662279128057035,0.7737228293910471,0.7737836397272656,0.7731074568031926,0.7738646860348855
494,4.019264145873767,4.009467397433711,4.015093578434296,4.009495807634435,2.004810251837756,2.0023654505193877,2.003769841681997,2.00237254466656,0.7844230066674382,0.7849484644369433,0.784646698954499,0.7849469406292438
495,3.602116260455711,3.616620903667611,3.617436807821751,3.6118233090109366,1.8979241977633645,1.901741544918134,1.901956047815446,1.9004797575904187,0.8098785895585761,0.8091130275872234,0.8090699637776864,0.8093662469163345
496,3.1716538202325872,3.1640739028452094,3.1612356410759577,3.163197782613966,1.7809137599088247,1.7787843890829516,1.7779864007005108,1.7785381026601499,0.83345455932391,0.8338525853233163,0.8340016241478245,0.8338985909211111
497,3.3441576068275634,3.345196542115108,3.37795748397437,3.348928291825617,1.828703805111031,1.8289878463552205,1.837922056011726,1.8300077299906732,0.8361296749286585,0.8360787650484094,0.8344734142177069,0.8358959019450385
498,4.121770110237572,4.12221815145127,4.121788339144333,4.129895581068971,2.030214301554782,2.0303246418864327,2.0302187909543967,2.032214452529302,0.7750504505514856,0.7750259982733476,0.7750494556914489,0.7746069952025226
499,3.9305772484927246,3.929638319047884,3.930476276475897,3.924696656277271,1.982568346487133,1.9823315361078944,1.9825428813712698,1.981084717087402,0.8022064491519235,0.8022536977307326,0.8022115302411585,0.8025023708809342
500,2.8210842619379535,2.820138376557952,2.8189316886630285,2.818850443492251,1.6796083656430012,1.6793267628898052,1.6789674471719302,1.6789432520166518,0.8378306864941071,0.8378850604753454,0.8379544266230269,0.8379590969810692
